DBN,School Name,Category,Year,Total Enrollment,#Grade 9,#Grade 10,#Grade 11,#Grade 12,#Female,%Female,#Male,%Male,#Asian,%Asian,#Black,%Black,#Hispanic,%Hispanic,#Other,%Other,#White,%White,#ELL Spanish,%ELL Spanish,#ELL Chinese,%ELL Chinese,#ELL Bengali,%ELL Bengali,#ELL Arabic,%ELL Arabic,#ELL Haitian Creole,%ELL Haitian Creole,#ELL French,%ELL French,#ELL Russian,%ELL Russian,#ELL Korean,%ELL Korean,#ELL Urdu,%ELL Urdu,#ELL Other,%ELL Other,ELA #Test Takers,ELA #Level 1,ELA %Level 1,ELA #Level 2,ELA %Level 2,ELA #Level 3,ELA %Level 3,ELA #Level 4,ELA %Level 4,ELA #L3+L4,ELA %L3+L4,Math #Test Takers,Math #Level 1,Math %Level 1,Math #Level 2,Math %Level 2,Math #Level 3,Math %Level 3,Math #Level 4,Math %Level 4,Math #L3+L4,Math %L3+L4,%Minority
13K575,BEDFORD STUYVESANT PREPARATORY HIGH SCHOOL,All Students,2017-18,124,,63,22,39,56,45.2%,68,54.8%,,,105,0.847,18,0.145,,,,,,,,,,,,,,,,,,,,,,,,,,,,,,,,,,,,,,,,,,,,,,,0.992
06M348,WASHINGTON HEIGHTS EXPEDITIONARY LEARNING SCHOOL,All Students,2017-18,383,94,108,95,86,160,41.8%,223,58.2%,,,18,0.047,361,0.943,,,,,,,,,,,,,,,,,,,,,,,,,87,,,36,41.4%,35,40.2%,,,,,57,30,52.6%,24,42.1%,,,,,,,0.99
07X381,BRONX HAVEN HIGH SCHOOL,All Students,2017-18,192,30,77,52,33,93,48.4%,99,51.6%,,,69,0.359,121,0.63,,,,,,,,,,,,,,,,,,,,,,,,,,,,,,,,,,,,,,,,,,,,,,,0.989
07X547,NEW EXPLORERS HIGH SCHOOL,All Students,2017-18,314,101,104,59,50,182,58.0%,132,42.0%,,,91,0.29,219,0.6970000000000001,,,,,,,,,,,,,,,,,,,,,,,,,56,19,33.9%,27,48.2%,,,,,,,52,40,76.9%,11,21.2%,,,,,,,0.9870000000000001
09X327,COMPREHENSIVE MODEL SCHOOL PROJECT M.S. 327,All Students,2017-18,436,112,112,110,102,219,50.2%,217,49.8%,,,102,0.23399999999999999,328,0.752,,,,,,,,,,,,,,,,,,,,,,,,,107,15,14.0%,44,41.1%,28,26.2%,20,18.7%,48,44.9%,106,28,26.4%,32,30.2%,29,27.4%,17,16.0%,46,43.4%,0.986
09X241,URBAN ASSEMBLY SCHOOL FOR APPLIED MATH AND SCIENCE,All Students,2017-18,356,92,86,80,98,166,46.6%,190,53.4%,,,128,0.36,223,0.626,,,,,,,,,,,,,,,,,,,,,,,,,90,26,28.9%,44,48.9%,,,,,,,49,38,77.6%,10,20.4%,,,,,,,0.986
09X329,DREAMYARD PREPARATORY SCHOOL,All Students,2017-18,266,94,63,62,47,154,57.9%,112,42.1%,,,74,0.278,188,0.7070000000000001,,,,,,,,,,,,,,,,,,,,,,,,,56,15,26.8%,32,57.1%,,,,,,,56,33,58.9%,21,37.5%,,,,,,,0.9850000000000001
07X223,THE LABORATORY SCHOOL OF FINANCE AND TECHNOLOGY: X,All Students,2017-18,395,96,88,95,116,196,49.6%,199,50.4%,,,74,0.187,315,0.797,,,,,,,,,,,,,,,,,,,,,,,,,92,12,13.0%,31,33.7%,36,39.1%,13,14.1%,49,53.3%,91,12,13.2%,32,35.2%,31,34.1%,16,17.6%,47,51.6%,0.984
08X269,BRONX STUDIO SCHOOL FOR WRITERS AND ARTISTS,All Students,2017-18,363,126,94,91,52,200,55.1%,163,44.9%,,,69,0.19,288,0.7929999999999999,,,,,,,,,,,,,,,,,,,,,,,,,91,,,43,47.3%,29,31.9%,,,,,92,48,52.2%,40,43.5%,,,,,,,0.9829999999999999
09X231,EAGLE ACADEMY FOR YOUNG MEN,All Students,2017-18,309,79,104,65,61,,,,,,,169,0.547,134,0.434,,,,,,,,,,,,,,,,,,,,,,,,,63,12,19.0%,38,60.3%,,,,,,,15,8,53.3%,7,46.7%,,,,,,,0.9810000000000001
09X543,HIGH SCHOOL FOR VIOLIN AND DANCE,All Students,2017-18,264,77,58,58,71,207,78.4%,57,21.6%,,,84,0.318,175,0.6629999999999999,,,,,,,,,,,,,,,,,,,,,,,,,38,13,34.2%,22,57.9%,,,,,,,38,26,68.4%,9,23.7%,,,,,,,0.9809999999999999
32K564,BUSHWICK COMMUNITY HIGH SCHOOL,All Students,2017-18,263,26,80,73,84,126,47.9%,137,52.1%,,,81,0.308,177,0.6729999999999999,,,,,,,,,,,,,,,,,,,,,,,,,,,,,,,,,,,,,,,,,,,,,,,0.9809999999999999
06M462,THE COLLEGE ACADEMY,All Students,2017-18,460,106,105,123,126,181,39.3%,279,60.7%,,,43,0.09300000000000001,408,0.887,,,6,1.3%,,,,,,,,,,,,,,,,,,,,,76,37,48.7%,22,28.9%,,,,,,,78,55,70.5%,17,21.8%,,,,,,,0.98
07X427,COMMUNITY SCHOOL FOR SOCIAL JUSTICE,All Students,2017-18,330,115,80,77,58,166,50.3%,164,49.7%,,,90,0.273,233,0.706,,,,,,,,,,,,,,,,,,,,,,,,,64,25,39.1%,29,45.3%,,,,,,,67,52,77.6%,12,17.9%,,,,,,,0.979
12X682,FANNIE LOU HAMER FREEDOM HIGH SCHOOL,All Students,2017-18,473,123,120,90,140,205,43.3%,268,56.7%,,,137,0.29,325,0.687,,,,,,,,,,,,,,,,,,,,,,,,,90,35,38.9%,45,50.0%,,,,,,,85,67,78.8%,17,20.0%,,,,,,,0.9770000000000001
17K489,W.E.B. DUBOIS ACADEMIC HIGH SCHOOL,All Students,2017-18,132,30,26,33,43,62,47.0%,70,53.0%,,,105,0.795,24,0.182,,,,,,,,,,,,,,,,,,,,,,,,,8,,,,,,,,,,,8,6,75.0%,,,,,,,,,0.9770000000000001
16K594,GOTHAM PROFESSIONAL ARTS ACADEMY,All Students,2017-18,168,39,67,28,34,95,56.5%,73,43.5%,,,133,0.792,31,0.185,,,,,,,,,,,,,,,,,,,,,,,,,26,7,26.9%,15,57.7%,,,,,,,25,19,76.0%,6,24.0%,,,,,,,0.9770000000000001
23K647,METROPOLITAN DIPLOMA PLUS HIGH SCHOOL,All Students,2017-18,217,45,74,57,41,100,46.1%,117,53.9%,,,188,0.866,24,0.111,,,,,,,,,,,,,,,,,,,,,,,,,,,,,,,,,,,,,,,,,,,,,,,0.977
09X263,VALIDUS PREPARATORY ACADEMY,All Students,2017-18,372,117,107,77,71,191,51.3%,181,48.7%,,,101,0.272,262,0.7040000000000001,,,6,1.6%,,,,,,,,,,,,,,,,,,,,,75,34,45.3%,32,42.7%,,,,,,,71,42,59.2%,25,35.2%,,,,,,,0.9760000000000001
13K616,BROOKLYN HIGH SCHOOL FOR LEADERSHIP AND COMMUNITY,All Students,2017-18,205,41,73,35,56,110,53.7%,95,46.3%,,,140,0.6829999999999999,60,0.293,,,,,,,,,,,,,,,,,,,,,,,,,,,,,,,,,,,,,,,,,,,,,,,0.976
06M423,HIGH SCHOOL FOR EXCELLENCE AND INNOVATION,All Students,2017-18,201,33,51,28,89,89,44.3%,112,55.7%,,,21,0.10400000000000001,175,0.871,,,,,,,,,,,,,,,,,,,,,,,,,15,7,46.7%,6,40.0%,,,,,,,14,8,57.1%,,,,,,,,,0.975
06M467,HIGH SCHOOL FOR LAW AND PUBLIC SERVICE,All Students,2017-18,544,158,151,105,130,253,46.5%,291,53.5%,,,75,0.138,455,0.836,,,9,1.7%,,,,,,,,,,,,,,,,,,,,,95,40,42.1%,31,32.6%,,,,,,,87,53,60.9%,30,34.5%,,,,,,,0.974
03M404,INNOVATION DIPLOMA PLUS,All Students,2017-18,188,,45,65,78,94,50.0%,94,50.0%,,,70,0.37200000000000005,113,0.601,,,,,,,,,,,,,,,,,,,,,,,,,,,,,,,,,,,,,,,,,,,,,,,0.9730000000000001
04M372,ESPERANZA PREPARATORY ACADEMY,All Students,2017-18,368,90,117,76,85,180,48.9%,188,51.1%,,,37,0.10099999999999999,321,0.872,,,8,2.2%,,,,,,,,,,,,,,,,,,,,,68,21,30.9%,28,41.2%,,,,,,,68,43,63.2%,22,32.4%,,,,,,,0.973
18K569,KURT HAHN EXPEDITIONARY LEARNING SCHOOL,All Students,2017-18,353,110,90,60,93,128,36.3%,225,63.7%,,,319,0.904,24,0.068,,,,,,,,,,,,,,,,,,,,,,,,,60,14,23.3%,35,58.3%,,,,,,,55,35,63.6%,19,34.5%,,,,,,,0.972
23K646,ASPIRATIONS DIPLOMA PLUS HIGH SCHOOL,All Students,2017-18,214,15,46,57,96,104,48.6%,110,51.4%,,,159,0.743,49,0.22899999999999998,,,,,,,,,,,,,,,,,,,,,,,,,,,,,,,,,,,,,,,,,,,,,,,0.972
07X600,ALFRED E. SMITH CAREER AND TECHNICAL EDUCATION HIG,All Students,2017-18,463,157,111,111,84,51,11.0%,412,89.0%,,,106,0.22899999999999998,344,0.743,,,7,1.5%,,,,,,,,,,,,,,,,,,,,,151,67,44.4%,68,45.0%,,,,,,,149,105,70.5%,37,24.8%,,,,,,,0.972
23K644,EAGLE ACADEMY FOR YOUNG MEN II,All Students,2017-18,363,95,95,88,85,,,,,,,322,0.887,31,0.085,,,,,,,,,,,,,,,,,,,,,,,,,83,27,32.5%,40,48.2%,,,,,,,16,9,56.3%,6,37.5%,,,,,,,0.972
06M463,HIGH SCHOOL FOR MEDIA AND COMMUNICATIONS,All Students,2017-18,408,121,109,88,90,193,47.3%,215,52.7%,,,46,0.113,350,0.858,,,7,1.7%,,,,,,,,,,,,,,,,,,,,,65,24,36.9%,28,43.1%,,,,,,,68,51,75.0%,16,23.5%,,,,,,,0.971
06M346,COMMUNITY HEALTH ACADEMY OF THE HEIGHTS,All Students,2017-18,418,111,101,98,108,211,50.5%,207,49.5%,,,19,0.045,387,0.9259999999999999,,,6,1.4%,,,,,,,,,,,,,,,,,,,,,98,17,17.3%,37,37.8%,38,38.8%,6,6.1%,44,44.9%,97,47,48.5%,41,42.3%,,,,,,,0.971
12X267,BRONX LATIN,All Students,2017-18,340,88,90,85,77,158,46.5%,182,53.5%,7,,64,0.188,266,0.782,,,,,,,,,,,,,,,,,,,,,,,,,87,9,10.3%,43,49.4%,28,32.2%,7,8.0%,35,40.2%,32,18,56.3%,13,40.6%,,,,,,,0.97
09X297,MORRIS ACADEMY FOR COLLABORATIVE STUDIES,All Students,2017-18,401,128,93,85,95,200,49.9%,201,50.1%,6,,115,0.287,274,0.6829999999999999,,,,,,,,,,,,,,,,,,,,,,,,,117,26,22.2%,58,49.6%,27,23.1%,6,5.1%,33,28.2%,113,72,63.7%,30,26.5%,,,,,,,0.97
15K423,BROOKLYN FRONTIERS HIGH SCHOOL,All Students,2017-18,168,83,44,28,13,77,45.8%,91,54.2%,,,131,0.78,32,0.19,,,,,,,,,,,,,,,,,,,,,,,,,20,9,45.0%,10,50.0%,,,,,,,20,16,80.0%,,,,,,,,,0.97
09X525,BRONX LEADERSHIP ACADEMY HIGH SCHOOL,All Students,2017-18,583,204,162,96,121,287,49.2%,296,50.8%,,,183,0.314,382,0.655,,,10,1.7%,,,,,,,,,,,,,,,,,,,,,135,51,37.8%,63,46.7%,,,,,,,138,93,67.4%,44,31.9%,,,,,,,0.9690000000000001
12X251,EXPLORATIONS ACADEMY H.S.,All Students,2017-18,351,57,93,99,102,144,41.0%,207,59.0%,6,,105,0.299,235,0.67,,,,,,,,,,,,,,,,,,,,,,,,,37,11,29.7%,19,51.4%,,,,,,,34,15,44.1%,16,47.1%,,,,,,,0.9690000000000001
09X252,MOTT HALL BRONX HIGH SCHOOL,All Students,2017-18,387,92,94,99,102,198,51.2%,189,48.8%,,,91,0.235,284,0.7340000000000001,6,1.6%,,,,,,,,,,,,,,,,,,,,,,,83,,,41,49.4%,22,26.5%,,,,,75,47,62.7%,21,28.0%,,,,,,,0.9690000000000001
09X350,NEW DIRECTIONS SECONDARY SCHOOL,All Students,2017-18,129,54,47,,,47,36.4%,82,63.6%,,,31,0.24,94,0.7290000000000001,,,,,,,,,,,,,,,,,,,,,,,,,24,14,58.3%,10,41.7%,,,,,,,25,19,76.0%,6,24.0%,,,,,,,0.9690000000000001
13K412,BROOKLYN COMMUNITY ARTS & MEDIA HIGH SCHOOL (BCAM),All Students,2017-18,425,128,120,99,78,239,56.2%,186,43.8%,,,307,0.722,105,0.247,7,1.6%,,,,,,,,,,,,,,,,,,,,,,,119,27,22.7%,60,50.4%,21,17.6%,11,9.2%,32,26.9%,106,59,55.7%,41,38.7%,,,,,,,0.969
07X473,MOTT HAVEN VILLAGE PREPARATORY HIGH SCHOOL,All Students,2017-18,358,114,119,56,69,160,44.7%,198,55.3%,,,88,0.24600000000000002,259,0.723,6,1.7%,,,,,,,,,,,,,,,,,,,,,,,52,26,50.0%,20,38.5%,,,,,,,47,34,72.3%,11,23.4%,,,,,,,0.969
12X321,CROTONA ACADEMY HIGH SCHOOL,All Students,2017-18,128,10,32,32,54,70,54.7%,58,45.3%,,,49,0.38299999999999995,75,0.586,,,,,,,,,,,,,,,,,,,,,,,,,,,,,,,,,,,,,,,,,,,,,,,0.9689999999999999
07X379,JILL CHAIFETZ TRANSFER HIGH SCHOOL,All Students,2017-18,218,29,75,55,59,115,52.8%,103,47.2%,,,76,0.349,135,0.619,,,,,,,,,,,,,,,,,,,,,,,,,,,,,,,,,,,,,,,,,,,,,,,0.968
18K617,HIGH SCHOOL FOR INNOVATION IN ADVERTISING AND MEDI,All Students,2017-18,255,67,92,51,45,78,30.6%,177,69.4%,,,212,0.831,35,0.13699999999999998,,,,,,,,,,,,,,,,,,,,,,,,,43,14,32.6%,18,41.9%,,,,,,,42,24,57.1%,17,40.5%,,,,,,,0.968
08X559,SCHOOL FOR TOURISM AND HOSPITALITY,All Students,2017-18,305,93,74,93,45,176,57.7%,129,42.3%,,,99,0.325,196,0.643,,,6,2.0%,,,,,,,,,,,,,,,,,,,,,46,19,41.3%,17,37.0%,,,,,,,41,25,61.0%,14,34.1%,,,,,,,0.968
12X271,EAST BRONX ACADEMY FOR THE FUTURE,All Students,2017-18,403,104,108,91,100,195,48.4%,208,51.6%,,,109,0.27,281,0.6970000000000001,,,,,,,,,,,,,,,,,,,,,,,,,94,37,39.4%,39,41.5%,,,,,,,95,61,64.2%,31,32.6%,,,,,,,0.9670000000000001
07X548,CAREERS IN SPORTS HIGH SCHOOL,All Students,2017-18,515,149,151,122,93,106,20.6%,409,79.4%,,,150,0.29100000000000004,348,0.6759999999999999,,,10,1.9%,,,,,,,,,,,,,,,,,,,,,108,29,26.9%,42,38.9%,30,27.8%,7,6.5%,37,34.3%,97,48,49.5%,34,35.1%,,,,,,,0.967
12X446,ARTURO A. SCHOMBURG SATELLITE ACADEMY BRONX,All Students,2017-18,181,,90,53,38,97,53.6%,84,46.4%,,,71,0.392,104,0.575,,,,,,,,,,,,,,,,,,,,,,,,,,,,,,,,,,,,,,,,,,,,,,,0.967
32K545,EBC HIGH SCHOOL FOR PUBLIC SERVICE - BUSHWICK,All Students,2017-18,498,122,137,116,123,235,47.2%,263,52.8%,,,42,0.084,439,0.882,,,11,2.2%,,,,,,,,,,,,,,,,,,,,,106,32,30.2%,54,50.9%,,,,,,,103,66,64.1%,32,31.1%,,,,,,,0.966
19K504,HIGH SCHOOL FOR CIVIL RIGHTS,All Students,2017-18,264,53,72,66,73,107,40.5%,157,59.5%,,,192,0.727,63,0.239,,,,,,,,,,,,,,,,,,,,,,,,,32,13,40.6%,17,53.1%,,,,,,,27,17,63.0%,8,29.6%,,,,,,,0.966
23K493,BROOKLYN COLLEGIATE: A COLLEGE BOARD SCHOOL,All Students,2017-18,271,75,70,64,62,115,42.4%,156,57.6%,,,228,0.841,34,0.125,,,,,,,,,,,,,,,,,,,,,,,,,43,,,20,46.5%,13,30.2%,,,,,40,20,50.0%,16,40.0%,,,,,,,0.966
12X248,"METROPOLITAN HIGH SCHOOL, THE",All Students,2017-18,411,111,138,82,80,181,44.0%,230,56.0%,7,,104,0.253,293,0.713,,,,,,,,,,,,,,,,,,,,,,,,,68,28,41.2%,26,38.2%,,,,,,,63,45,71.4%,12,19.0%,,,,,,,0.966
17K548,BROOKLYN SCHOOL FOR MUSIC & THEATRE,All Students,2017-18,296,96,58,70,72,214,72.3%,82,27.7%,,,240,0.8109999999999999,46,0.155,,,,,,,,,,,,,,,,,,,,,,,,,79,20,25.3%,40,50.6%,,,,,,,75,46,61.3%,25,33.3%,,,,,,,0.966
23K643,BROOKLYN DEMOCRACY ACADEMY,All Students,2017-18,230,45,61,41,83,98,42.6%,132,57.4%,,,185,0.804,37,0.161,,,,,,,,,,,,,,,,,,,,,,,,,,,,,,,,,,,,,,,,,,,,,,,0.9650000000000001
12X684,WINGS ACADEMY,All Students,2017-18,491,180,130,89,92,170,34.6%,321,65.4%,,,272,0.5539999999999999,202,0.41100000000000003,10,2.0%,,,,,,,,,,,,,,,,,,,,,,,143,44,30.8%,66,46.2%,,,,,,,134,100,74.6%,30,22.4%,,,,,,,0.965
08X537,BRONX ARENA HIGH SCHOOL,All Students,2017-18,226,55,94,60,17,125,55.3%,101,44.7%,,,86,0.381,132,0.584,,,,,,,,,,,,,,,,,,,,,,,,,,,,,,,,,,,,,,,,,,,,,,,0.965
07X527,BRONX LEADERSHIP ACADEMY II HIGH SCHOOL,All Students,2017-18,513,168,151,118,76,221,43.1%,292,56.9%,,,141,0.275,354,0.69,,,7,1.4%,,,,,,,,,,,,,,,,,,,,,112,35,31.3%,50,44.6%,,,,,,,103,66,64.1%,31,30.1%,,,,,,,0.965
07X259,"H.E.R.O. HIGH (HEALTH, EDUCATION, AND RESEARCH OCC",All Students,2017-18,496,116,120,117,143,359,72.4%,137,27.6%,,,191,0.385,287,0.579,8,1.6%,,,,,,,,,,,,,,,,,,,,,,,97,27,27.8%,43,44.3%,21,21.6%,6,6.2%,27,27.8%,93,49,52.7%,34,36.6%,,,,,,,0.964
17K745,BROOKLYN INSTITUTE FOR LIBERAL ARTS,All Students,2017-18,381,111,100,88,82,194,50.9%,187,49.1%,,,334,0.877,33,0.087,8,2.1%,,,,,,,,,,,,,,,,,,,,,,,82,,,36,43.9%,24,29.3%,,,,,80,35,43.8%,36,45.0%,,,,,,,0.964
19K404,ACADEMY FOR YOUNG WRITERS,All Students,2017-18,326,92,89,77,68,203,62.3%,123,37.7%,,,235,0.721,79,0.242,6,1.8%,,,,,,,,,,,,,,,,,,,,,,,89,,,39,43.8%,30,33.7%,,,,,82,47,57.3%,29,35.4%,,,,,,,0.963
10X353,WORLD VIEW HIGH SCHOOL,All Students,2017-18,495,147,159,105,84,257,51.9%,238,48.1%,,,109,0.22,368,0.743,10,2.0%,,,,,,,,,,,,,,,,,,,,,,,112,25,22.3%,46,41.1%,35,31.3%,6,5.4%,41,36.6%,108,48,44.4%,44,40.7%,,,,,,,0.963
19K422,SPRING CREEK COMMUNITY SCHOOL,All Students,2017-18,242,92,89,61,,115,47.5%,127,52.5%,,,183,0.7559999999999999,50,0.207,6,2.5%,,,,,,,,,,,,,,,,,,,,,,,81,24,29.6%,37,45.7%,,,,,,,77,46,59.7%,28,36.4%,,,,,,,0.9629999999999999
09X404,SCHOOL FOR EXCELLENCE,All Students,2017-18,375,92,108,79,96,170,45.3%,205,54.7%,,,92,0.245,269,0.7170000000000001,,,,,,,,,,,,,,,,,,,,,,,,,52,19,36.5%,23,44.2%,,,,,,,55,37,67.3%,12,21.8%,,,,,,,0.9620000000000001
23K514,FREDERICK DOUGLASS ACADEMY VII HIGH SCHOOL,All Students,2017-18,157,37,44,35,41,67,42.7%,90,57.3%,,,132,0.841,19,0.121,,,,,,,,,,,,,,,,,,,,,,,,,24,8,33.3%,10,41.7%,,,,,,,24,12,50.0%,10,41.7%,,,,,,,0.962
05M285,HARLEM RENAISSANCE HIGH SCHOOL,All Students,2017-18,233,34,43,50,106,126,54.1%,107,45.9%,6,,102,0.43799999999999994,122,0.524,,,,,,,,,,,,,,,,,,,,,,,,,,,,,,,,,,,,,,,,,,,,,,,0.962
14K685,EL PUENTE ACADEMY FOR PEACE AND JUSTICE,All Students,2017-18,236,62,51,58,65,124,52.5%,112,47.5%,,,17,0.07200000000000001,210,0.89,6,2.5%,,,,,,,,,,,,,,,,,,,,,,,53,20,37.7%,26,49.1%,,,,,,,50,35,70.0%,13,26.0%,,,,,,,0.962
07X522,BRONX DESIGN AND CONSTRUCTION ACADEMY,All Students,2017-18,504,205,130,89,80,92,18.3%,412,81.7%,,,142,0.282,342,0.679,,,,,,,,,,,,,,,,,,,,,,,,,90,42,46.7%,31,34.4%,,,,,,,81,56,69.1%,22,27.2%,,,,,,,0.9610000000000001
07X557,MOTT HAVEN COMMUNITY HIGH SCHOOL,All Students,2017-18,232,,93,71,68,99,42.7%,133,57.3%,,,64,0.276,159,0.685,,,7,3.0%,,,,,,,,,,,,,,,,,,,,,,,,,,,,,,,,,,,,,,,,,,,0.9610000000000001
32K556,BUSHWICK LEADERS HIGH SCHOOL FOR ACADEMIC EXCELLEN,All Students,2017-18,281,89,75,56,61,126,44.8%,155,55.2%,,,48,0.171,222,0.79,6,2.1%,,,,,,,,,,,,,,,,,,,,,,,67,28,41.8%,25,37.3%,,,,,,,65,43,66.2%,16,24.6%,,,,,,,0.9610000000000001
13K553,BROOKLYN ACADEMY HIGH SCHOOL,All Students,2017-18,157,,85,45,27,85,54.1%,72,45.9%,,,112,0.713,39,0.248,,,,,,,,,,,,,,,,,,,,,,,,,,,,,,,,,,,,,,,,,,,,,,,0.961
13K350,URBAN ASSEMBLY SCHOOL FOR MUSIC AND ART,All Students,2017-18,221,49,73,55,44,145,65.6%,76,34.4%,,,171,0.774,41,0.18600000000000003,,,,,,,,,,,,,,,,,,,,,,,,,27,7,25.9%,15,55.6%,,,,,,,23,15,65.2%,8,34.8%,,,,,,,0.9600000000000001
32K552,THE ACADEMY OF URBAN PLANNING AND ENGINEERING,All Students,2017-18,197,53,40,44,60,85,43.1%,112,56.9%,,,35,0.17800000000000002,154,0.782,,,,,,,,,,,,,,,,,,,,,,,,,42,16,38.1%,20,47.6%,,,,,,,44,34,77.3%,10,22.7%,,,,,,,0.9600000000000001
08X377,BRONX COMMUNITY HIGH SCHOOL,All Students,2017-18,175,22,79,46,28,92,52.6%,83,47.4%,,,62,0.354,106,0.606,,,,,,,,,,,,,,,,,,,,,,,,,,,,,,,,,,,,,,,,,,,,,,,0.96
02M570,SATELLITE ACADEMY HIGH SCHOOL,All Students,2017-18,298,295,,,,176,59.1%,122,40.9%,,,114,0.38299999999999995,172,0.5770000000000001,,,8,2.7%,,,,,,,,,,,,,,,,,,,,,,,,,,,,,,,,,,,,,,,,,,,0.96
17K531,"SCHOOL FOR HUMAN RIGHTS, THE",All Students,2017-18,390,71,97,103,119,185,47.4%,205,52.6%,,,350,0.897,24,0.062,,,9,2.3%,,,,,,,,,,,,,,,,,,,,,54,,,23,42.6%,15,27.8%,,,,,58,27,46.6%,23,39.7%,,,,,,,0.9590000000000001
14K474,PROGRESS HIGH SCHOOL FOR PROFESSIONAL CAREERS,All Students,2017-18,766,163,205,234,164,352,46.0%,414,54.0%,,,249,0.325,486,0.634,16,2.1%,,,,,,,,,,,,,,,,,,,,,,,116,35,30.2%,47,40.5%,28,24.1%,6,5.2%,34,29.3%,114,67,58.8%,36,31.6%,,,,,,,0.9590000000000001
08X530,LONGWOOD PREPARATORY ACADEMY,All Students,2017-18,199,69,51,38,41,79,39.7%,120,60.3%,,,59,0.29600000000000004,132,0.6629999999999999,,,,,,,,,,,,,,,,,,,,,,,,,53,26,49.1%,21,39.6%,,,,,,,55,39,70.9%,16,29.1%,,,,,,,0.959
19K507,PERFORMING ARTS AND TECHNOLOGY HIGH SCHOOL,All Students,2017-18,450,131,155,101,63,260,57.8%,190,42.2%,9,,298,0.662,133,0.29600000000000004,,,,,,,,,,,,,,,,,,,,,,,,,64,22,34.4%,21,32.8%,,,,,,,63,37,58.7%,22,34.9%,,,,,,,0.9580000000000001
09X250,EXIMIUS COLLEGE PREPARATORY ACADEMY: A COLLEGE BOA,All Students,2017-18,432,146,102,97,87,234,54.2%,198,45.8%,,,149,0.345,265,0.613,,,,,,,,,,,,,,,,,,,,,,,,,115,20,17.4%,50,43.5%,35,30.4%,10,8.7%,45,39.1%,99,45,45.5%,48,48.5%,,,,,,,0.958
14K586,LYONS COMMUNITY SCHOOL,All Students,2017-18,331,86,85,75,85,158,47.7%,173,52.3%,,,110,0.332,207,0.625,,,10,3.0%,,,,,,,,,,,,,,,,,,,,,60,30,50.0%,22,36.7%,,,,,,,60,46,76.7%,10,16.7%,,,,,,,0.9570000000000001
17K568,BROWNSVILLE ACADEMY HIGH SCHOOL,All Students,2017-18,117,,34,47,36,67,57.3%,50,42.7%,,,97,0.8290000000000001,15,0.128,,,,,,,,,,,,,,,,,,,,,,,,,,,,,,,,,,,,,,,,,,,,,,,0.9570000000000001
17K122,PATHWAYS IN TECHNOLOGY EARLY COLLEGE HIGH SCHOOL (,All Students,2017-18,592,122,133,121,216,148,25.0%,444,75.0%,,,497,0.84,69,0.11699999999999999,,,,,,,,,,,,,,,,,,,,,,,,,107,30,28.0%,44,41.1%,,,,,,,102,51,50.0%,40,39.2%,,,,,,,0.957
05M367,ACADEMY FOR SOCIAL ACTION,All Students,2017-18,93,15,27,25,26,32,34.4%,61,65.6%,,,45,0.484,44,0.473,,,,,,,,,,,,,,,,,,,,,,,,,10,,,,,,,,,,,9,9,100.0%,,,,,,,,,0.957
09X517,FREDERICK DOUGLASS ACADEMY III SECONDARY SCHOOL,All Students,2017-18,424,106,120,95,103,175,41.3%,249,58.7%,,,183,0.43200000000000005,222,0.524,8,1.9%,,,,,,,,,,,,,,,,,,,,,,,86,37,43.0%,36,41.9%,,,,,,,83,59,71.1%,21,25.3%,,,,,,,0.9560000000000001
07X221,SOUTH BRONX PREPARATORY: A COLLEGE BOARD SCHOOL,All Students,2017-18,382,97,92,106,87,203,53.1%,179,46.9%,9,,100,0.262,265,0.6940000000000001,,,,,,,,,,,,,,,,,,,,,,,,,97,,,42,43.3%,35,36.1%,,,,,93,46,49.5%,35,37.6%,,,,,,,0.9560000000000001
07X551,THE URBAN ASSEMBLY BRONX ACADEMY OF LETTERS,All Students,2017-18,336,87,110,68,71,169,50.3%,167,49.7%,,,93,0.27699999999999997,228,0.679,,,10,3.0%,,,,,,,,,,,,,,,,,,,,,76,32,42.1%,27,35.5%,,,,,,,70,60,85.7%,10,14.3%,,,,,,,0.956
18K629,CULTURAL ACADEMY FOR THE ARTS AND SCIENCES,All Students,2017-18,319,161,52,68,38,139,43.6%,180,56.4%,,,277,0.868,28,0.08800000000000001,,,6,1.9%,,,,,,,,,,,,,,,,,,,,,36,,,15,41.7%,10,27.8%,,,,,35,15,42.9%,14,40.0%,,,,,,,0.956
12X480,BRONX REGIONAL HIGH SCHOOL,All Students,2017-18,230,,84,68,78,129,56.1%,101,43.9%,,,79,0.34299999999999997,141,0.613,,,6,2.6%,,,,,,,,,,,,,,,,,,,,,,,,,,,,,,,,,,,,,,,,,,,0.956
02M303,"FACING HISTORY SCHOOL, THE",All Students,2017-18,382,93,121,92,76,174,45.5%,208,54.5%,,,94,0.24600000000000002,271,0.7090000000000001,,,,,,,,,,,,,,,,,,,,,,,,,56,12,21.4%,32,57.1%,,,,,,,50,27,54.0%,15,30.0%,,,,,,,0.9550000000000001
14K477,EAST WILLIAMSBURG SCHOLARS ACADEMY,All Students,2017-18,335,66,81,89,99,162,48.4%,173,51.6%,,,134,0.4,186,0.555,7,2.1%,,,,,,,,,,,,,,,,,,,,,,,26,,,9,34.6%,,,,,,,27,15,55.6%,11,40.7%,,,,,,,0.9550000000000001
02M427,MANHATTAN ACADEMY FOR ARTS & LANGUAGE,All Students,2017-18,269,71,80,62,56,124,46.1%,145,53.9%,,,10,0.037000000000000005,247,0.9179999999999999,,,8,3.0%,,,,,,,,,,,,,,,,,,,,,16,14,87.5%,,,,,,,,,20,14,70.0%,,,,,,,,,0.955
19K502,FDNY - CAPTAIN VERNON A. RICHARD HIGH SCHOOL FOR F,All Students,2017-18,333,107,87,66,73,81,24.3%,252,75.7%,,,239,0.718,79,0.237,10,3.0%,,,,,,,,,,,,,,,,,,,,,,,66,24,36.4%,30,45.5%,,,,,,,61,44,72.1%,14,23.0%,,,,,,,0.955
05M670,THURGOOD MARSHALL ACADEMY FOR LEARNING AND SOCIAL,All Students,2017-18,374,101,108,86,79,201,53.7%,173,46.3%,8,,256,0.684,101,0.27,,,,,,,,,,,,,,,,,,,,,,,,,89,20,22.5%,37,41.6%,26,29.2%,6,6.7%,32,36.0%,85,50,58.8%,27,31.8%,,,,,,,0.9540000000000001
13K265,DR. SUSAN S. MCKINNEY SECONDARY SCHOOL OF THE ARTS,All Students,2017-18,261,72,74,68,47,160,61.3%,101,38.7%,6,,184,0.705,65,0.249,,,,,,,,,,,,,,,,,,,,,,,,,61,,,33,54.1%,,,,,,,58,38,65.5%,17,29.3%,,,,,,,0.954
10X225,THEATRE ARTS PRODUCTION COMPANY SCHOOL,All Students,2017-18,402,133,107,88,74,279,69.4%,123,30.6%,6,,106,0.264,277,0.6890000000000001,6,1.5%,7,1.7%,,,,,,,,,,,,,,,,,,,,,105,28,26.7%,46,43.8%,24,22.9%,7,6.7%,31,29.5%,100,55,55.0%,33,33.0%,,,,,,,0.9530000000000001
05M369,URBAN ASSEMBLY SCHOOL FOR THE PERFORMING ARTS,All Students,2017-18,356,138,102,59,57,278,78.1%,78,21.9%,,,185,0.52,154,0.433,13,3.7%,,,,,,,,,,,,,,,,,,,,,,,112,,,54,48.2%,31,27.7%,,,,,98,52,53.1%,39,39.8%,,,,,,,0.9530000000000001
12X372,URBAN ASSEMBLY SCHOOL FOR WILDLIFE CONSERVATION,All Students,2017-18,296,98,65,70,63,138,46.6%,158,53.4%,6,,77,0.26,205,0.693,,,,,,,,,,,,,,,,,,,,,,,,,65,22,33.8%,31,47.7%,,,,,,,68,44,64.7%,20,29.4%,,,,,,,0.953
06M211,INWOOD EARLY COLLEGE FOR HEALTH AND INFORMATION TE,All Students,2017-18,376,112,101,87,76,156,41.5%,220,58.5%,6,,57,0.152,301,0.8009999999999999,6,1.6%,6,1.6%,,,,,,,,,,,,,,,,,,,,,92,27,29.3%,32,34.8%,24,26.1%,9,9.8%,33,35.9%,82,36,43.9%,35,42.7%,,,,,,,0.953
03M860,FREDERICK DOUGLASS ACADEMY II SECONDARY SCHOOL,All Students,2017-18,313,87,92,73,61,111,35.5%,202,64.5%,10,,201,0.642,97,0.31,,,,,,,,,,,,,,,,,,,,,,,,,61,18,29.5%,34,55.7%,,,,,,,42,29,69.0%,12,28.6%,,,,,,,0.952
06M468,HIGH SCHOOL FOR HEALTH CAREERS AND SCIENCES,All Students,2017-18,463,151,130,88,94,226,48.8%,237,51.2%,11,,69,0.149,372,0.8029999999999999,,,,,,,,,,,,,,,,,,,,,,,,,110,42,38.2%,47,42.7%,,,,,,,113,66,58.4%,38,33.6%,,,,,,,0.952
27Q260,FREDERICK DOUGLASS ACADEMY VI HIGH SCHOOL,All Students,2017-18,349,95,94,72,88,176,50.4%,173,49.6%,7,,184,0.527,148,0.424,,,,,,,,,,,,,,,,,,,,,,,,,34,18,52.9%,11,32.4%,,,,,,,34,27,79.4%,6,17.6%,,,,,,,0.9510000000000001
09X412,BRONX HIGH SCHOOL OF BUSINESS,All Students,2017-18,284,99,93,45,47,126,44.4%,158,55.6%,7,,65,0.22899999999999998,205,0.722,,,,,,,,,,,,,,,,,,,,,,,,,44,21,47.7%,19,43.2%,,,,,,,43,32,74.4%,8,18.6%,,,,,,,0.951
18K567,BROOKLYN THEATRE ARTS HIGH SCHOOL,All Students,2017-18,362,114,101,71,76,198,54.7%,164,45.3%,,,304,0.84,40,0.11,10,2.8%,,,,,,,,,,,,,,,,,,,,,,,95,,,50,52.6%,27,28.4%,,,,,90,52,57.8%,30,33.3%,,,,,,,0.95
02M393,BUSINESS OF SPORTS SCHOOL,All Students,2017-18,426,130,122,90,84,178,41.8%,248,58.2%,6,,143,0.336,261,0.613,6,1.4%,10,2.3%,,,,,,,,,,,,,,,,,,,,,112,,,64,57.1%,,,,,,,107,53,49.5%,49,45.8%,,,,,,,0.9490000000000001
09X505,"BRONX SCHOOL FOR LAW, GOVERNMENT AND JUSTICE",All Students,2017-18,496,126,136,112,122,280,56.5%,216,43.5%,7,,122,0.24600000000000002,348,0.7020000000000001,13,2.6%,6,1.2%,,,,,,,,,,,,,,,,,,,,,105,12,11.4%,37,35.2%,44,41.9%,12,11.4%,56,53.3%,105,47,44.8%,39,37.1%,,,,,,,0.9480000000000001
13K499,ACORN COMMUNITY HIGH SCHOOL,All Students,2017-18,193,47,44,60,42,82,42.5%,111,57.5%,,,153,0.7929999999999999,30,0.155,,,,,,,,,,,,,,,,,,,,,,,,,19,7,36.8%,7,36.8%,,,,,,,19,14,73.7%,,,,,,,,,0.948
09X568,YOUNG WOMEN'S LEADERSHIP SCHOOL OF THE BRONX,All Students,2017-18,213,83,68,62,,,,,,6,,85,0.39899999999999997,117,0.5489999999999999,,,,,,,,,,,,,,,,,,,,,,,,,77,,,28,36.4%,37,48.1%,,,,,74,,,34,45.9%,,,,,,,0.948
05M148,EAGLE ACADEMY FOR YOUNG MEN OF HARLEM,All Students,2017-18,133,67,66,,,,,,,,,98,0.737,28,0.21100000000000002,7,5.3%,,,,,,,,,,,,,,,,,,,,,,,50,23,46.0%,17,34.0%,,,,,,,30,19,63.3%,8,26.7%,,,,,,,0.948
12X242,MOTT HALL V,All Students,2017-18,384,110,97,89,88,184,47.9%,200,52.1%,10,,64,0.16699999999999998,300,0.7809999999999999,,,,,,,,,,,,,,,,,,,,,,,,,91,,,39,42.9%,28,30.8%,,,,,67,50,74.6%,17,25.4%,,,,,,,0.948
19K660,W. H. MAXWELL CAREER AND TECHNICAL EDUCATION HIGH,All Students,2017-18,407,103,111,93,100,273,67.1%,134,32.9%,10,,272,0.6679999999999999,114,0.28,,,,,,,,,,,,,,,,,,,,,,,,,67,25,37.3%,27,40.3%,,,,,,,64,40,62.5%,19,29.7%,,,,,,,0.948
03M505,EDWARD A. REYNOLDS WEST SIDE HIGH SCHOOL,All Students,2017-18,500,11,229,179,81,239,47.8%,261,52.2%,,,136,0.272,338,0.6759999999999999,,,20,4.0%,,,,,,,,,,,,,,,,,,,,,,,,,,,,,,,,,,,,,,,,,,,0.948
10X437,FORDHAM HIGH SCHOOL FOR THE ARTS,All Students,2017-18,356,131,73,72,80,261,73.3%,95,26.7%,,,120,0.337,217,0.61,,,,,,,,,,,,,,,,,,,,,,,,,106,12,11.3%,41,38.7%,41,38.7%,12,11.3%,53,50.0%,93,41,44.1%,38,40.9%,,,,,,,0.9470000000000001
10X434,BELMONT PREPARATORY HIGH SCHOOL,All Students,2017-18,402,121,106,75,100,215,53.5%,187,46.5%,11,,89,0.221,292,0.726,,,,,,,,,,,,,,,,,,,,,,,,,102,31,30.4%,57,55.9%,,,,,,,93,53,57.0%,35,37.6%,,,,,,,0.947
09X227,BRONX COLLEGIATE ACADEMY,All Students,2017-18,396,117,116,91,72,200,50.5%,196,49.5%,12,,80,0.20199999999999999,295,0.745,,,,,,,,,,,,,,,,,,,,,,,,,86,27,31.4%,40,46.5%,,,,,,,83,56,67.5%,25,30.1%,,,,,,,0.947
07X670,HEALTH OPPORTUNITIES HIGH SCHOOL,All Students,2017-18,491,141,127,112,111,303,61.7%,188,38.3%,9,,191,0.389,274,0.5579999999999999,8,1.6%,9,1.8%,,,,,,,,,,,,,,,,,,,,,88,30,34.1%,32,36.4%,,,,,,,80,48,60.0%,28,35.0%,,,,,,,0.947
10X565,HIGH SCHOOL FOR ENERGY AND TECHNOLOGY,All Students,2017-18,410,120,104,96,90,81,19.8%,329,80.2%,11,,106,0.259,282,0.688,,,,,,,,,,,,,,,,,,,,,,,,,95,33,34.7%,35,36.8%,19,20.0%,8,8.4%,27,28.4%,84,51,60.7%,30,35.7%,,,,,,,0.947
18K635,OLYMPUS ACADEMY,All Students,2017-18,206,25,87,32,62,100,48.5%,106,51.5%,,,183,0.888,12,0.057999999999999996,,,,,,,,,,,,,,,,,,,,,,,,,,,,,,,,,,,,,,,,,,,,,,,0.946
10X546,BRONX THEATRE HIGH SCHOOL,All Students,2017-18,389,126,117,93,53,279,71.7%,110,28.3%,6,,112,0.28800000000000003,256,0.6579999999999999,7,1.8%,8,2.1%,,,,,,,,,,,,,,,,,,,,,88,22,25.0%,43,48.9%,,,,,,,78,53,67.9%,24,30.8%,,,,,,,0.946
23K697,TEACHERS PREPARATORY HIGH SCHOOL,All Students,2017-18,200,40,46,52,62,111,55.5%,89,44.5%,,,152,0.76,37,0.185,,,6,3.0%,,,,,,,,,,,,,,,,,,,,,13,8,61.5%,,,,,,,,,14,10,71.4%,,,,,,,,,0.9450000000000001
07X500,HOSTOS-LINCOLN ACADEMY OF SCIENCE,All Students,2017-18,344,95,91,83,75,190,55.2%,154,44.8%,9,,76,0.221,249,0.7240000000000001,,,,,,,,,,,,,,,,,,,,,,,,,81,,,33,40.7%,37,45.7%,,,,,54,28,51.9%,17,31.5%,,,,,,,0.9450000000000001
32K549,THE BROOKLYN SCHOOL FOR SOCIAL JUSTICE,All Students,2017-18,364,54,90,100,120,170,46.7%,194,53.3%,,,69,0.19,275,0.755,,,11,3.0%,,,,,,,,,,,,,,,,,,,,,37,15,40.5%,17,45.9%,,,,,,,39,29,74.4%,7,17.9%,,,,,,,0.9450000000000001
10X243,WEST BRONX ACADEMY FOR THE FUTURE,All Students,2017-18,326,117,104,66,39,151,46.3%,175,53.7%,8,,52,0.16,256,0.785,,,,,,,,,,,,,,,,,,,,,,,,,76,15,19.7%,32,42.1%,22,28.9%,7,9.2%,29,38.2%,76,42,55.3%,28,36.8%,,,,,,,0.9450000000000001
12X479,BRONX CAREER AND COLLEGE PREPARATORY HIGH SCHOOL,All Students,2017-18,254,70,79,59,46,121,47.6%,133,52.4%,7,,96,0.37799999999999995,144,0.5670000000000001,,,,,,,,,,,,,,,,,,,,,,,,,30,10,33.3%,11,36.7%,,,,,,,29,19,65.5%,10,34.5%,,,,,,,0.9450000000000001
16K765,NELSON MANDELA HIGH SCHOOL,All Students,2017-18,273,58,67,80,68,114,41.8%,159,58.2%,,,228,0.835,30,0.11,9,3.3%,,,,,,,,,,,,,,,,,,,,,,,34,13,38.2%,15,44.1%,,,,,,,31,20,64.5%,9,29.0%,,,,,,,0.945
10X284,BRONX SCHOOL OF LAW AND FINANCE,All Students,2017-18,380,141,83,71,85,171,45.0%,209,55.0%,,,97,0.255,262,0.6890000000000001,,,12,3.2%,,,,,,,,,,,,,,,,,,,,,83,31,37.3%,33,39.8%,,,,,,,76,49,64.5%,24,31.6%,,,,,,,0.9440000000000001
18K563,IT TAKES A VILLAGE ACADEMY,All Students,2017-18,730,185,209,186,150,312,42.7%,418,57.3%,16,,637,0.873,51,0.07,16,2.2%,10,1.4%,,,,,,,,,,,,,,,,,,,,,141,25,17.7%,64,45.4%,42,29.8%,10,7.1%,52,36.9%,132,62,47.0%,49,37.1%,,,,,,,0.9430000000000001
16K455,BOYS AND GIRLS HIGH SCHOOL,All Students,2017-18,428,185,104,83,56,144,33.6%,284,66.4%,6,,359,0.8390000000000001,44,0.10300000000000001,11,2.6%,8,1.9%,,,,,,,,,,,,,,,,,,,,,86,33,38.4%,47,54.7%,,,,,,,81,54,66.7%,23,28.4%,,,,,,,0.9420000000000001
05M157,THE URBAN ASSEMBLY SCHOOL FOR GLOBAL COMMERCE,All Students,2017-18,241,75,54,48,64,116,48.1%,125,51.9%,,,112,0.465,115,0.47700000000000004,,,,,,,,,,,,,,,,,,,,,,,,,43,13,30.2%,24,55.8%,,,,,,,43,30,69.8%,10,23.3%,,,,,,,0.9420000000000001
14K488,BROOKLYN PREPARATORY HIGH SCHOOL,All Students,2017-18,512,134,132,132,114,276,53.9%,236,46.1%,9,,228,0.445,254,0.496,10,2.0%,11,2.1%,,,,,,,,,,,,,,,,,,,,,120,23,19.2%,51,42.5%,38,31.7%,8,6.7%,46,38.3%,109,57,52.3%,35,32.1%,,,,,,,0.9410000000000001
17K600,CLARA BARTON HIGH SCHOOL,All Students,2017-18,1221,397,322,242,260,888,72.7%,333,27.3%,16,,1063,0.871,85,0.07,43,3.5%,14,1.1%,,,,,,,,,,,,,,,,,,,,,276,48,17.4%,120,43.5%,93,33.7%,15,5.4%,108,39.1%,261,128,49.0%,99,37.9%,,,,,,,0.9410000000000001
10X439,BRONX HIGH SCHOOL FOR LAW AND COMMUNITY SERVICE,All Students,2017-18,409,120,129,82,78,228,55.7%,181,44.3%,7,,111,0.271,274,0.67,6,1.5%,11,2.7%,,,,,,,,,,,,,,,,,,,,,104,,,44,42.3%,30,28.8%,,,,,94,57,60.6%,32,34.0%,,,,,,,0.9410000000000001
10X438,FORDHAM LEADERSHIP ACADEMY,All Students,2017-18,342,128,89,67,58,135,39.5%,206,60.2%,10,,88,0.257,234,0.684,,,,,,,,,,,,,,,,,,,,,,,,,93,31,33.3%,35,37.6%,,,,,,,87,59,67.8%,25,28.7%,,,,,,,0.9410000000000001
01M458,FORSYTH SATELLITE ACADEMY,All Students,2017-18,203,16,65,79,43,117,57.6%,86,42.4%,,,70,0.345,121,0.596,,,9,4.4%,,,,,,,,,,,,,,,,,,,,,,,,,,,,,,,,,,,,,,,,,,,0.941
11X544,HIGH SCHOOL FOR CONTEMPORARY ARTS,All Students,2017-18,446,111,106,119,110,231,51.8%,215,48.2%,10,,171,0.38299999999999995,249,0.5579999999999999,6,1.3%,10,2.2%,,,,,,,,,,,,,,,,,,,,,44,14,31.8%,21,47.7%,,,,,,,45,31,68.9%,8,17.8%,,,,,,,0.9409999999999998
03M492,"HIGH SCHOOL FOR LAW, ADVOCACY AND COMMUNITY JUSTIC",All Students,2017-18,466,145,129,87,105,269,57.7%,197,42.3%,,,162,0.348,276,0.5920000000000001,,,13,2.8%,,,,,,,,,,,,,,,,,,,,,118,23,19.5%,56,47.5%,32,27.1%,7,5.9%,39,33.1%,108,54,50.0%,43,39.8%,,,,,,,0.9400000000000001
08X519,FELISA RINCON DE GAUTIER INSTITUTE FOR LAW AND PUB,All Students,2017-18,148,11,27,43,67,70,47.3%,78,52.7%,,,29,0.196,110,0.743,,,,,,,,,,,,,,,,,,,,,,,,,11,,,,,,,,,,,11,7,63.6%,,,,,,,,,0.9390000000000001
17K537,HIGH SCHOOL FOR YOUTH AND COMMUNITY DEVELOPMENT AT,All Students,2017-18,480,150,128,97,105,148,30.8%,332,69.2%,,,376,0.7829999999999999,75,0.156,,,,,,,,,,,,,,,,,,,,,,,,,107,36,33.6%,48,44.9%,,,,,,,99,65,65.7%,30,30.3%,,,,,,,0.939
18K566,BROOKLYN GENERATION SCHOOL,All Students,2017-18,195,56,61,43,35,70,35.9%,125,64.1%,,,157,0.805,26,0.133,6,3.1%,,,,,,,,,,,,,,,,,,,,,,,32,11,34.4%,13,40.6%,,,,,,,27,18,66.7%,7,25.9%,,,,,,,0.9380000000000001
14K071,JUAN MOREL CAMPOS SECONDARY SCHOOL,All Students,2017-18,319,88,100,72,59,144,45.1%,175,54.9%,,,49,0.154,250,0.784,,,13,4.1%,,,,,,,,,,,,,,,,,,,,,50,15,30.0%,29,58.0%,,,,,,,51,38,74.5%,13,25.5%,,,,,,,0.9380000000000001
16K669,RESEARCH AND SERVICE HIGH SCHOOL,All Students,2017-18,274,52,58,88,76,115,42.0%,159,58.0%,,,209,0.763,48,0.175,,,7,2.6%,,,,,,,,,,,,,,,,,,,,,,,,,,,,,,,,,,,,,,,,,,,0.938
08X312,MILLENNIUM ART ACADEMY,All Students,2017-18,432,114,114,97,107,243,56.3%,189,43.8%,8,,113,0.262,292,0.6759999999999999,8,1.9%,11,2.5%,,,,,,,,,,,,,,,,,,,,,95,15,15.8%,43,45.3%,28,29.5%,9,9.5%,37,38.9%,94,48,51.1%,39,41.5%,,,,,,,0.938
08X561,BRONX COMPASS HIGH SCHOOL,All Students,2017-18,457,104,108,109,136,143,31.3%,314,68.7%,15,,142,0.311,286,0.626,,,,,,,,,,,,,,,,,,,,,,,,,100,,,53,53.0%,22,22.0%,,,,,92,48,52.2%,36,39.1%,,,,,,,0.937
09X403,BRONX INTERNATIONAL HIGH SCHOOL,All Students,2017-18,414,122,97,100,95,213,51.4%,201,48.6%,,,55,0.133,333,0.804,,,,,,,,,,,,,,,,,,,,,,,,,19,15,78.9%,,,,,,,,,46,28,60.9%,15,32.6%,,,,,,,0.937
15K462,JOHN JAY SCHOOL FOR LAW,All Students,2017-18,439,147,118,93,81,271,61.7%,168,38.3%,6,,295,0.672,116,0.264,14,3.2%,8,1.8%,,,,,,,,,,,,,,,,,,,,,134,26,19.4%,51,38.1%,48,35.8%,9,6.7%,57,42.5%,124,58,46.8%,50,40.3%,,,,,,,0.936
11X270,ACADEMY FOR SCHOLARSHIP AND ENTREPRENEURSHIP: A CO,All Students,2017-18,377,96,95,93,93,198,52.5%,179,47.5%,10,,235,0.623,118,0.313,7,1.9%,7,1.9%,,,,,,,,,,,,,,,,,,,,,64,26,40.6%,20,31.3%,,,,,,,64,44,68.8%,15,23.4%,,,,,,,0.9359999999999999
05M499,FREDERICK DOUGLASS ACADEMY,All Students,2017-18,1085,273,290,270,252,499,46.0%,585,53.9%,18,,755,0.696,259,0.239,35,3.2%,18,1.7%,,,,,,,,,,,,,,,,,,,,,251,40,15.9%,99,39.4%,84,33.5%,28,11.2%,112,44.6%,226,91,40.3%,84,37.2%,44,19.5%,7,3.1%,51,22.6%,0.9349999999999999
12X521,THE METROPOLITAN SOUNDVIEW HIGH SCHOOL,All Students,2017-18,429,136,95,97,101,200,46.6%,229,53.4%,15,,96,0.22399999999999998,305,0.711,,,,,,,,,,,,,,,,,,,,,,,,,99,36,36.4%,40,40.4%,,,,,,,94,61,64.9%,29,30.9%,,,,,,,0.9349999999999999
04M409,COALITION SCHOOL FOR SOCIAL CHANGE,All Students,2017-18,121,27,32,26,36,50,41.3%,71,58.7%,,,42,0.34700000000000003,71,0.5870000000000001,,,,,,,,,,,,,,,,,,,,,,,,,18,7,38.9%,6,33.3%,,,,,,,16,12,75.0%,,,,,,,,,0.9340000000000002
14K454,THE WILLIAMSBURG HIGH SCHOOL OF ART AND TECHNOLOGY,All Students,2017-18,269,80,74,72,43,125,46.5%,144,53.5%,,,73,0.271,178,0.662,,,8,3.0%,,,,,,,,,,,,,,,,,,,,,59,,,28,47.5%,15,25.4%,,,,,62,39,62.9%,22,35.5%,,,,,,,0.933
08X332,HOLCOMBE L. RUCKER SCHOOL OF COMMUNITY RESEARCH,All Students,2017-18,149,37,38,35,39,68,45.6%,81,54.4%,,,73,0.49,66,0.44299999999999995,,,,,,,,,,,,,,,,,,,,,,,,,34,,,16,47.1%,10,29.4%,,,,,32,18,56.3%,10,31.3%,,,,,,,0.9329999999999999
02M047,47 THE AMERICAN SIGN LANGUAGE AND ENGLISH SECONDAR,All Students,2017-18,164,38,57,32,37,122,74.4%,42,25.6%,,,47,0.287,106,0.6459999999999999,,,,,,,,,,,,,,,,,,,,,,,,,33,10,30.3%,14,42.4%,,,,,,,28,12,42.9%,10,35.7%,,,,,,,0.9329999999999998
18K578,BROOKLYN BRIDGE ACADEMY,All Students,2017-18,191,26,44,49,72,73,38.2%,118,61.8%,,,152,0.7959999999999999,26,0.136,,,6,3.1%,,,,,,,,,,,,,,,,,,,,,,,,,,,,,,,,,,,,,,,,,,,0.9319999999999999
10X524,CROTONA INTERNATIONAL HIGH SCHOOL,All Students,2017-18,335,86,96,84,69,172,51.3%,163,48.7%,,,27,0.081,285,0.851,,,11,3.3%,,,,,,,,,,,,,,,,,,,,,9,8,88.9%,,,,,,,,,22,16,72.7%,6,27.3%,,,,,,,0.9319999999999999
03M299,THE MAXINE GREENE HS FOR IMAGINATIVE INQUIRY,All Students,2017-18,378,104,122,85,67,206,54.5%,172,45.5%,6,,133,0.35200000000000004,219,0.579,13,3.4%,7,1.9%,,,,,,,,,,,,,,,,,,,,,56,,,19,33.9%,23,41.1%,,,,,53,23,43.4%,21,39.6%,,,,,,,0.931
10X433,HIGH SCHOOL FOR TEACHING AND THE PROFESSIONS,All Students,2017-18,447,130,117,98,102,237,53.0%,210,47.0%,,,72,0.161,344,0.77,,,16,3.6%,,,,,,,,,,,,,,,,,,,,,71,25,35.2%,28,39.4%,,,,,,,68,42,61.8%,19,27.9%,,,,,,,0.931
12X478,THE CINEMA SCHOOL,All Students,2017-18,290,74,75,72,69,174,60.0%,116,40.0%,,,63,0.217,207,0.7140000000000001,,,9,3.1%,,,,,,,,,,,,,,,,,,,,,69,9,13.0%,21,30.4%,29,42.0%,10,14.5%,39,56.5%,64,21,32.8%,27,42.2%,,,,,,,0.931
12X511,BRONX ENVISION ACADEMY,All Students,2017-18,429,121,115,106,87,256,59.7%,173,40.3%,10,,143,0.33299999999999996,256,0.597,8,1.9%,12,2.8%,,,,,,,,,,,,,,,,,,,,,98,32,32.7%,33,33.7%,27,27.6%,6,6.1%,33,33.7%,95,55,57.9%,35,36.8%,,,,,,,0.9299999999999999
06M293,CITY COLLEGE ACADEMY OF THE ARTS,All Students,2017-18,345,91,93,76,85,189,54.8%,156,45.2%,,,17,0.049,304,0.8809999999999999,,,13,3.8%,,,,,,,,,,,,,,,,,,,,,88,,,30,34.1%,42,47.7%,,,,,50,,,20,40.0%,,,,,,,0.9299999999999999
02M305,"URBAN ASSEMBLY ACADEMY OF GOVERNMENT AND LAW, THE",All Students,2017-18,307,101,95,59,52,166,54.1%,141,45.9%,11,,123,0.401,162,0.528,,,,,,,,,,,,,,,,,,,,,,,,,86,,,38,44.2%,27,31.4%,,,,,77,46,59.7%,23,29.9%,,,,,,,0.929
17K590,MEDGAR EVERS COLLEGE PREPARATORY SCHOOL,All Students,2017-18,901,250,232,211,208,515,57.2%,386,42.8%,22,,790,0.877,46,0.051,36,4.0%,7,0.8%,,,,,,,,,,,,,,,,,,,,,233,10,4.3%,27,11.6%,92,39.5%,104,44.6%,196,84.1%,113,17,15.0%,29,25.7%,53,46.9%,14,12.4%,67,59.3%,0.928
18K576,VICTORY COLLEGIATE HIGH SCHOOL,All Students,2017-18,401,87,99,99,116,184,45.9%,217,54.1%,,,338,0.843,34,0.085,,,15,3.7%,,,,,,,,,,,,,,,,,,,,,77,26,33.8%,39,50.6%,,,,,,,72,45,62.5%,20,27.8%,,,,,,,0.9279999999999999
17K751,ACADEMY FOR HEALTH CAREERS,All Students,2017-18,359,81,98,97,83,243,67.7%,116,32.3%,,,281,0.7829999999999999,52,0.145,,,,,,,,,,,,,,,,,,,,,,,,,71,,,36,50.7%,17,23.9%,,,,,62,34,54.8%,21,33.9%,,,,,,,0.9279999999999999
10X549,DISCOVERY HIGH SCHOOL,All Students,2017-18,456,113,117,122,104,209,45.8%,247,54.2%,16,,87,0.191,336,0.737,6,1.3%,11,2.4%,,,,,,,,,,,,,,,,,,,,,89,28,31.5%,37,41.6%,,,,,,,85,51,60.0%,27,31.8%,,,,,,,0.9279999999999999
19K409,EAST NEW YORK FAMILY ACADEMY,All Students,2017-18,276,125,71,53,27,129,46.7%,147,53.3%,11,,169,0.612,87,0.315,,,,,,,,,,,,,,,,,,,,,,,,,86,,,41,47.7%,26,30.2%,,,,,85,38,44.7%,29,34.1%,,,,,,,0.927
19K510,WORLD ACADEMY FOR TOTAL COMMUNITY HEALTH HIGH SCHO,All Students,2017-18,262,59,65,77,61,143,54.6%,119,45.4%,11,,191,0.7290000000000001,52,0.198,,,,,,,,,,,,,,,,,,,,,,,,,40,18,45.0%,15,37.5%,,,,,,,39,26,66.7%,11,28.2%,,,,,,,0.927
11X265,BRONX LAB SCHOOL,All Students,2017-18,399,120,103,102,74,152,38.1%,247,61.9%,7,,134,0.336,236,0.591,10,2.5%,12,3.0%,,,,,,,,,,,,,,,,,,,,,95,,,43,45.3%,25,26.3%,,,,,84,52,61.9%,29,34.5%,,,,,,,0.927
03M415,WADLEIGH SECONDARY SCHOOL FOR THE PERFORMING & VIS,All Students,2017-18,204,70,51,43,40,135,66.2%,69,33.8%,,,114,0.5589999999999999,75,0.368,,,7,3.4%,,,,,,,,,,,,,,,,,,,,,54,,,22,40.7%,17,31.5%,,,,,51,29,56.9%,18,35.3%,,,,,,,0.9269999999999999
32K403,ACADEMY FOR ENVIRONMENTAL LEADERSHIP,All Students,2017-18,272,72,70,69,61,127,46.7%,145,53.3%,,,48,0.17600000000000002,204,0.75,,,,,,,,,,,,,,,,,,,,,,,,,35,14,40.0%,16,45.7%,,,,,,,31,23,74.2%,7,22.6%,,,,,,,0.926
17K546,HIGH SCHOOL FOR PUBLIC SERVICE: HEROES OF TOMORROW,All Students,2017-18,454,112,113,114,115,296,65.2%,158,34.8%,20,,348,0.767,72,0.159,,,,,,,,,,,,,,,,,,,,,,,,,106,10,9.4%,26,24.5%,53,50.0%,17,16.0%,70,66.0%,94,22,23.4%,49,52.1%,17,18.1%,6,6.4%,23,24.5%,0.926
11X455,HARRY S TRUMAN HIGH SCHOOL,All Students,2017-18,2000,684,522,379,415,823,41.2%,1177,58.9%,56,,1031,0.516,819,0.41,36,1.8%,58,2.9%,,,,,,,,,,,,,,,,,,,,,409,120,29.3%,176,43.0%,91,22.2%,22,5.4%,113,27.6%,392,243,62.0%,130,33.2%,,,,,,,0.9259999999999999
03M307,"URBAN ASSEMBLY SCHOOL FOR MEDIA STUDIES, THE",All Students,2017-18,397,102,105,105,85,211,53.1%,185,46.6%,10,,136,0.34299999999999997,231,0.5820000000000001,11,2.8%,9,2.3%,,,,,,,,,,,,,,,,,,,,,89,17,19.1%,37,41.6%,29,32.6%,6,6.7%,35,39.3%,74,34,45.9%,26,35.1%,,,,,,,0.925
02M419,LANDMARK HIGH SCHOOL,All Students,2017-18,348,81,94,100,73,189,54.3%,159,45.7%,11,,116,0.33299999999999996,206,0.5920000000000001,6,1.7%,9,2.6%,,,,,,,,,,,,,,,,,,,,,59,,,30,50.8%,,,,,,,58,31,53.4%,24,41.4%,,,,,,,0.925
10X442,"CELIA CRUZ BRONX HIGH SCHOOL OF MUSIC, THE",All Students,2017-18,427,131,106,103,87,272,63.7%,155,36.3%,,,96,0.225,299,0.7,19,4.4%,,,,,,,,,,,,,,,,,,,,,,,112,19,17.0%,38,33.9%,44,39.3%,11,9.8%,55,49.1%,103,37,35.9%,45,43.7%,,,,,,,0.9249999999999999
29Q283,PREPARATORY ACADEMY FOR WRITERS: A COLLEGE BOARD S,All Students,2017-18,406,93,87,104,122,221,54.4%,185,45.6%,,,356,0.877,19,0.047,16,3.9%,,,,,,,,,,,,,,,,,,,,,,,79,,,34,43.0%,29,36.7%,,,,,45,23,51.1%,20,44.4%,,,,,,,0.924
29Q248,QUEENS PREPARATORY ACADEMY,All Students,2017-18,415,72,108,113,122,202,48.7%,213,51.3%,,,344,0.8290000000000001,39,0.094,,,,,,,,,,,,,,,,,,,,,,,,,42,15,35.7%,18,42.9%,,,,,,,40,22,55.0%,15,37.5%,,,,,,,0.923
18K633,HIGH SCHOOL FOR MEDICAL PROFESSIONS,All Students,2017-18,424,126,85,101,112,294,69.3%,130,30.7%,16,,328,0.774,63,0.149,8,1.9%,9,2.1%,,,,,,,,,,,,,,,,,,,,,103,18,17.5%,35,34.0%,34,33.0%,16,15.5%,50,48.5%,94,40,42.6%,41,43.6%,,,,,,,0.923
13K670,BENJAMIN BANNEKER ACADEMY,All Students,2017-18,844,248,200,203,193,455,53.9%,389,46.1%,36,,686,0.813,93,0.11,18,2.1%,11,1.3%,,,,,,,,,,,,,,,,,,,,,230,27,11.7%,67,29.1%,103,44.8%,33,14.3%,136,59.1%,184,52,28.3%,77,41.8%,45,24.5%,10,5.4%,55,29.9%,0.9229999999999999
07X334,INTERNATIONAL COMMUNITY HIGH SCHOOL,All Students,2017-18,436,117,129,113,77,205,47.0%,231,53.0%,19,,65,0.149,337,0.773,8,1.8%,7,1.6%,,,,,,,,,,,,,,,,,,,,,23,21,91.3%,,,,,,,,,33,30,90.9%,,,,,,,,,0.922
09X324,BRONX EARLY COLLEGE ACADEMY FOR TEACHING & LEARNIN,All Students,2017-18,270,80,58,66,66,141,52.2%,129,47.8%,12,,67,0.248,182,0.674,,,,,,,,,,,,,,,,,,,,,,,,,77,14,18.2%,22,28.6%,29,37.7%,12,15.6%,41,53.2%,73,28,38.4%,28,38.4%,,,,,,,0.922
10X237,"THE MARIE CURIE SCHOOL FOR MEDICINE, NURSING, AND",All Students,2017-18,489,164,129,116,80,364,74.4%,125,25.6%,14,,144,0.294,307,0.628,8,1.6%,16,3.3%,,,,,,,,,,,,,,,,,,,,,107,21,19.6%,51,47.7%,29,27.1%,6,5.6%,35,32.7%,97,61,62.9%,30,30.9%,,,,,,,0.9219999999999999
01M650,CASCADES HIGH SCHOOL,All Students,2017-18,241,34,80,73,54,132,54.8%,109,45.2%,10,,95,0.39399999999999996,127,0.527,,,,,,,,,,,,,,,,,,,,,,,,,,,,,,,,,,,,,,,,,,,,,,,0.921
16K498,BROOKLYN HIGH SCHOOL FOR LAW AND TECHNOLOGY,All Students,2017-18,594,134,144,156,160,235,39.6%,359,60.4%,21,,379,0.638,168,0.28300000000000003,11,1.9%,15,2.5%,,,,,,,,,,,,,,,,,,,,,122,26,21.3%,52,42.6%,37,30.3%,7,5.7%,44,36.1%,115,56,48.7%,45,39.1%,,,,,,,0.921
18K673,EAST BROOKLYN COMMUNITY HIGH SCHOOL,All Students,2017-18,192,37,51,41,63,83,43.2%,109,56.8%,,,146,0.76,31,0.161,,,11,5.7%,,,,,,,,,,,,,,,,,,,,,,,,,,,,,,,,,,,,,,,,,,,0.921
10X374,KNOWLEDGE AND POWER PREPARATORY ACADEMY INTERNATIO,All Students,2017-18,488,151,116,117,104,285,58.4%,203,41.6%,12,,133,0.273,316,0.648,11,2.3%,16,3.3%,,,,,,,,,,,,,,,,,,,,,123,25,20.3%,49,39.8%,39,31.7%,10,8.1%,49,39.8%,113,52,46.0%,37,32.7%,,,,,,,0.921
04M310,THE JUDITH S. KAYE HIGH SCHOOL,All Students,2017-18,75,22,30,13,10,25,33.3%,50,66.7%,,,32,0.42700000000000005,37,0.493,,,,,,,,,,,,,,,,,,,,,,,,,,,,,,,,,,,,,,,,,,,,,,,0.92
10X213,BRONX ENGINEERING AND TECHNOLOGY ACADEMY,All Students,2017-18,399,140,118,72,69,63,15.8%,336,84.2%,12,,114,0.28600000000000003,253,0.634,9,2.3%,11,2.8%,,,,,,,,,,,,,,,,,,,,,97,29,29.9%,42,43.3%,,,,,,,93,56,60.2%,31,33.3%,,,,,,,0.92
13K483,THE URBAN ASSEMBLY SCHOOL FOR LAW AND JUSTICE,All Students,2017-18,449,118,120,105,106,238,53.0%,211,47.0%,11,,302,0.6729999999999999,111,0.247,18,4.0%,7,1.6%,,,,,,,,,,,,,,,,,,,,,111,15,13.5%,46,41.4%,37,33.3%,13,11.7%,50,45.0%,100,39,39.0%,49,49.0%,,,,,,,0.9199999999999999
10X351,BRONX COLLABORATIVE HIGH SCHOOL,All Students,2017-18,553,161,135,128,129,270,48.8%,283,51.2%,11,,165,0.298,344,0.622,11,2.0%,22,4.0%,,,,,,,,,,,,,,,,,,,,,140,34,24.3%,59,42.1%,36,25.7%,11,7.9%,47,33.6%,125,65,52.0%,46,36.8%,,,,,,,0.9199999999999999
17K408,ACADEMY OF HOSPITALITY AND TOURISM,All Students,2017-18,208,74,59,33,42,100,48.1%,108,51.9%,,,163,0.784,28,0.135,,,12,5.8%,,,,,,,,,,,,,,,,,,,,,33,10,30.3%,15,45.5%,,,,,,,33,18,54.5%,14,42.4%,,,,,,,0.919
04M680,"HERITAGE SCHOOL, THE",All Students,2017-18,294,86,94,67,47,141,48.0%,153,52.0%,,,76,0.259,194,0.66,,,11,3.7%,,,,,,,,,,,,,,,,,,,,,64,,,34,53.1%,,,,,,,53,37,69.8%,11,20.8%,,,,,,,0.919
02M139,STEPHEN T. MATHER BUILDING ARTS & CRAFTSMANSHIP HI,All Students,2017-18,394,112,111,85,86,127,32.2%,267,67.8%,,,102,0.259,260,0.66,,,19,4.8%,,,,,,,,,,,,,,,,,,,,,105,24,22.9%,41,39.0%,34,32.4%,6,5.7%,40,38.1%,90,32,35.6%,45,50.0%,,,,,,,0.919
14K478,"THE HIGH SCHOOL FOR ENTERPRISE, BUSINESS AND TECHN",All Students,2017-18,872,237,277,164,194,296,33.9%,576,66.1%,39,,277,0.318,523,0.6,17,1.9%,16,1.8%,,,,,,,,,,,,,,,,,,,,,196,43,21.9%,88,44.9%,52,26.5%,13,6.6%,65,33.2%,174,85,48.9%,70,40.2%,,,,,,,0.9179999999999999
19K615,TRANSIT TECH CAREER AND TECHNICAL EDUCATION HIGH S,All Students,2017-18,713,188,212,126,187,114,16.0%,599,84.0%,22,,434,0.609,220,0.309,20,2.8%,17,2.4%,,,,,,,,,,,,,,,,,,,,,138,,,69,50.0%,38,27.5%,,,,,133,69,51.9%,55,41.4%,,,,,,,0.9179999999999999
29Q498,HUMANITIES & ARTS MAGNET HIGH SCHOOL,All Students,2017-18,454,113,128,107,106,250,55.1%,204,44.9%,21,,354,0.78,62,0.13699999999999998,10,2.2%,7,1.5%,,,,,,,,,,,,,,,,,,,,,56,17,30.4%,24,42.9%,,,,,,,50,30,60.0%,16,32.0%,,,,,,,0.917
14K610,AUTOMOTIVE HIGH SCHOOL,All Students,2017-18,399,104,97,89,109,39,9.8%,360,90.2%,12,,212,0.531,154,0.386,10,2.5%,11,2.8%,,,,,,,,,,,,,,,,,,,,,95,38,40.0%,35,36.8%,,,,,,,90,55,61.1%,31,34.4%,,,,,,,0.917
17K539,HIGH SCHOOL FOR SERVICE & LEARNING AT ERASMUS,All Students,2017-18,354,72,78,97,107,124,35.0%,230,65.0%,9,,276,0.78,48,0.136,8,2.3%,13,3.7%,,,,,,,,,,,,,,,,,,,,,50,,,18,36.0%,16,32.0%,,,,,51,32,62.7%,16,31.4%,,,,,,,0.916
03M403,THE GLOBAL LEARNING COLLABORATIVE,All Students,2017-18,436,119,90,123,104,202,46.3%,234,53.7%,10,,107,0.245,292,0.67,9,2.1%,18,4.1%,,,,,,,,,,,,,,,,,,,,,109,,,46,42.2%,36,33.0%,,,,,102,46,45.1%,44,43.1%,,,,,,,0.915
05M304,MOTT HALL HIGH SCHOOL,All Students,2017-18,297,90,67,65,75,133,44.8%,164,55.2%,,,99,0.33299999999999996,173,0.5820000000000001,,,,,,,,,,,,,,,,,,,,,,,,,47,18,38.3%,15,31.9%,8,17.0%,6,12.8%,14,29.8%,43,31,72.1%,11,25.6%,,,,,,,0.915
02M313,"JAMES BALDWIN SCHOOL, THE: A SCHOOL FOR EXPEDITION",All Students,2017-18,258,16,69,81,92,133,51.6%,125,48.4%,,,106,0.41100000000000003,130,0.504,,,13,5.0%,,,,,,,,,,,,,,,,,,,,,,,,,,,,,,,,,,,,,,,,,,,0.915
17K543,"SCIENCE, TECHNOLOGY AND RESEARCH EARLY COLLEGE HIG",All Students,2017-18,340,88,97,86,69,163,47.9%,177,52.1%,18,,277,0.815,34,0.1,,,,,,,,,,,,,,,,,,,,,,,,,84,6,7.1%,14,16.7%,36,42.9%,28,33.3%,64,76.2%,72,10,13.9%,22,30.6%,29,40.3%,11,15.3%,40,55.6%,0.9149999999999999
17K528,THE HIGH SCHOOL FOR GLOBAL CITIZENSHIP,All Students,2017-18,197,48,61,45,43,79,40.1%,118,59.9%,9,,146,0.741,34,0.17300000000000001,,,,,,,,,,,,,,,,,,,,,,,,,40,13,32.5%,15,37.5%,,,,,,,40,20,50.0%,14,35.0%,,,,,,,0.914
11X290,BRONX ACADEMY OF HEALTH CAREERS,All Students,2017-18,395,136,93,91,75,265,67.1%,130,32.9%,17,,148,0.375,213,0.539,7,1.8%,10,2.5%,,,,,,,,,,,,,,,,,,,,,101,,,46,45.5%,27,26.7%,,,,,95,52,54.7%,36,37.9%,,,,,,,0.914
15K519,COBBLE HILL SCHOOL OF AMERICAN STUDIES,All Students,2017-18,584,123,134,167,160,307,52.6%,277,47.4%,21,,364,0.623,170,0.29100000000000004,19,3.3%,10,1.7%,,,,,,,,,,,,,,,,,,,,,100,21,21.0%,45,45.0%,26,26.0%,8,8.0%,34,34.0%,90,43,47.8%,36,40.0%,,,,,,,0.914
10X397,ENGLISH LANGUAGE LEARNERS AND INTERNATIONAL SUPPOR,All Students,2017-18,350,113,103,67,67,145,41.4%,205,58.6%,,,62,0.177,258,0.737,,,15,4.3%,,,,,,,,,,,,,,,,,,,,,,,,,,,,,,,,,,,,,,,,,,,0.9139999999999999
01M509,MARTA VALLE HIGH SCHOOL,All Students,2017-18,148,39,33,38,38,88,59.5%,60,40.5%,7,,47,0.318,88,0.595,,,,,,,,,,,,,,,,,,,,,,,,,26,,,13,50.0%,7,26.9%,,,,,25,14,56.0%,10,40.0%,,,,,,,0.913
17K382,ACADEMY FOR COLLEGE PREPARATION AND CAREER EXPLORA,All Students,2017-18,287,73,85,83,46,117,40.8%,170,59.2%,,,223,0.777,39,0.136,15,5.2%,,,,,,,,,,,,,,,,,,,,,,,58,18,31.0%,20,34.5%,,,,,,,58,33,56.9%,23,39.7%,,,,,,,0.913
02M300,"URBAN ASSEMBLY SCHOOL OF DESIGN AND CONSTRUCTION,",All Students,2017-18,356,71,100,97,88,104,29.2%,252,70.8%,18,,86,0.242,239,0.6709999999999999,,,,,,,,,,,,,,,,,,,,,,,,,59,15,25.4%,32,54.2%,,,,,,,56,28,50.0%,16,28.6%,,,,,,,0.9129999999999999
29Q259,PATHWAYS COLLEGE PREPARATORY SCHOOL: A COLLEGE BOA,All Students,2017-18,352,82,79,87,104,173,49.1%,179,50.9%,18,,307,0.872,14,0.04,7,2.0%,6,1.7%,,,,,,,,,,,,,,,,,,,,,72,,,31,43.1%,23,31.9%,,,,,24,14,58.3%,8,33.3%,,,,,,,0.912
11X514,THE BRONXWOOD PREPARATORY ACADEMY,All Students,2017-18,405,126,126,88,65,213,52.6%,192,47.4%,13,,258,0.637,111,0.27399999999999997,9,2.2%,14,3.5%,,,,,,,,,,,,,,,,,,,,,73,25,34.2%,33,45.2%,,,,,,,72,46,63.9%,23,31.9%,,,,,,,0.911
13K605,GEORGE WESTINGHOUSE CAREER AND TECHNICAL EDUCATION,All Students,2017-18,756,254,211,169,122,192,25.4%,564,74.6%,34,,534,0.706,154,0.204,18,2.4%,16,2.1%,,,,,,,,,,,,,,,,,,,,,244,54,22.1%,108,44.3%,72,29.5%,10,4.1%,82,33.6%,215,103,47.9%,77,35.8%,,,,,,,0.9099999999999999
07X495,UNIVERSITY HEIGHTS SECONDARY SCHOOL,All Students,2017-18,491,146,131,112,102,284,57.8%,207,42.2%,22,,125,0.255,320,0.652,15,3.1%,9,1.8%,,,,,,,,,,,,,,,,,,,,,137,11,8.0%,33,24.1%,69,50.4%,24,17.5%,93,67.9%,120,21,17.5%,44,36.7%,42,35.0%,13,10.8%,55,45.8%,0.907
02M520,MURRY BERGTRAUM HIGH SCHOOL FOR BUSINESS CAREERS,All Students,2017-18,271,65,76,65,65,138,50.9%,133,49.1%,14,,135,0.498,110,0.406,,,,,,,,,,,,,,,,,,,,,,,,,44,13,29.5%,20,45.5%,,,,,,,36,24,66.7%,10,27.8%,,,,,,,0.904
29Q272,GEORGE WASHINGTON CARVER HIGH SCHOOL FOR THE SCIEN,All Students,2017-18,468,116,134,83,135,249,53.2%,219,46.8%,25,,349,0.746,74,0.158,,,,,,,,,,,,,,,,,,,,,,,,,80,,,32,40.0%,27,33.8%,,,,,65,30,46.2%,29,44.6%,,,,,,,0.904
17K547,BROOKLYN ACADEMY OF SCIENCE AND THE ENVIRONMENT,All Students,2017-18,373,89,107,100,77,147,39.4%,226,60.6%,19,,302,0.81,35,0.094,6,1.6%,11,2.9%,,,,,,,,,,,,,,,,,,,,,68,,,36,52.9%,19,27.9%,,,,,57,22,38.6%,29,50.9%,,,,,,,0.904
06M540,A. PHILIP RANDOLPH CAMPUS HIGH SCHOOL,All Students,2017-18,1375,600,308,265,202,705,51.3%,669,48.7%,66,,386,0.281,857,0.623,37,2.7%,29,2.1%,,,,,,,,,,,,,,,,,,,,,414,83,20.0%,170,41.1%,123,29.7%,38,9.2%,161,38.9%,377,150,39.8%,158,41.9%,55,14.6%,14,3.7%,69,18.3%,0.904
03M494,HIGH SCHOOL OF ARTS AND TECHNOLOGY,All Students,2017-18,504,167,132,114,91,174,34.5%,329,65.3%,25,,173,0.34299999999999997,282,0.56,10,2.0%,14,2.8%,,,,,,,,,,,,,,,,,,,,,118,20,16.9%,50,42.4%,36,30.5%,12,10.2%,48,40.7%,107,40,37.4%,52,48.6%,,,,,,,0.903
11X253,BRONX HIGH SCHOOL FOR WRITING AND COMMUNICATION AR,All Students,2017-18,338,87,94,84,73,159,47.0%,179,53.0%,16,,159,0.47,146,0.43200000000000005,7,2.1%,10,3.0%,,,,,,,,,,,,,,,,,,,,,45,12,26.7%,22,48.9%,,,,,,,46,32,69.6%,12,26.1%,,,,,,,0.902
30Q501,FRANK SINATRA SCHOOL OF THE ARTS HIGH SCHOOL,All Students,2017-18,831,213,202,193,223,565,68.0%,266,32.0%,89,,123,0.14800000000000002,291,0.35,26,3.1%,302,36.3%,,,,,,,,,,,,,,,,,,,,,175,7,4.0%,29,16.6%,75,42.9%,64,36.6%,139,79.4%,115,12,10.4%,53,46.1%,40,34.8%,10,8.7%,50,43.5%,0.498
28Q350,JAMAICA GATEWAY TO THE SCIENCES,All Students,2017-18,511,135,131,123,122,268,52.4%,243,47.6%,200,,186,0.364,67,0.131,45,8.8%,13,2.5%,,,,,,,,,,,,,,,,,,,,,100,23,23.0%,38,38.0%,24,24.0%,15,15.0%,39,39.0%,72,30,41.7%,27,37.5%,,,,,,,0.495
24Q610,AVIATION CAREER & TECHNICAL EDUCATION HIGH SCHOOL,All Students,2017-18,2084,524,453,466,641,438,21.0%,1646,79.0%,762,,91,0.044000000000000004,938,0.45,87,4.2%,206,9.9%,,,,,,,,,,,,,,,,,,,,,471,38,8.1%,73,15.5%,221,46.9%,139,29.5%,360,76.4%,365,48,13.2%,77,21.1%,146,40.0%,94,25.8%,240,65.8%,0.494
03M541,MANHATTAN / HUNTER SCIENCE HIGH SCHOOL,All Students,2017-18,442,110,115,104,113,250,56.6%,192,43.4%,124,,70,0.158,146,0.33,19,4.3%,83,18.8%,,,,,,,,,,,,,,,,,,,,,102,,,,,36,35.3%,59,57.8%,95,93.1%,71,,,,,29,40.8%,29,40.8%,58,81.7%,0.488
28Q686,QUEENS METROPOLITAN HIGH SCHOOL,All Students,2017-18,1091,254,290,292,255,516,47.3%,575,52.7%,108,,36,0.033,490,0.449,10,0.9%,447,41.0%,,,,,,,,,,,,,,,,,,,,,208,27,13.0%,83,39.9%,77,37.0%,21,10.1%,98,47.1%,189,62,32.8%,84,44.4%,33,17.5%,10,5.3%,43,22.8%,0.482
25Q670,ROBERT F. KENNEDY COMMUNITY HIGH SCHOOL,All Students,2017-18,756,218,192,185,161,344,45.5%,412,54.5%,273,,96,0.127,264,0.349,22,2.9%,101,13.4%,,,,,,,,,,,,,,,,,,,,,168,32,19.0%,72,42.9%,53,31.5%,11,6.5%,64,38.1%,154,52,33.8%,63,40.9%,22,14.3%,17,11.0%,39,25.3%,0.476
02M414,N.Y.C. MUSEUM SCHOOL,All Students,2017-18,450,120,118,97,115,268,59.6%,182,40.4%,131,,61,0.136,152,0.33799999999999997,21,4.7%,85,18.9%,,,,,,,,,,,,,,,,,,,,,106,7,6.6%,15,14.2%,44,41.5%,40,37.7%,84,79.2%,82,11,13.4%,18,22.0%,34,41.5%,19,23.2%,53,64.6%,0.474
15K592,KHALIL GIBRAN INTERNATIONAL ACADEMY,All Students,2017-18,270,81,82,48,59,129,47.8%,141,52.2%,48,,105,0.389,21,0.078,13,4.8%,83,30.7%,,,,,,,,,,,,,,,,,,,,,39,16,41.0%,12,30.8%,,,,,,,44,23,52.3%,15,34.1%,,,,,,,0.467
27Q308,ROBERT H. GODDARD HIGH SCHOOL OF COMMUNICATION ART,All Students,2017-18,621,169,163,147,142,324,52.2%,297,47.8%,163,,52,0.084,238,0.38299999999999995,31,5.0%,137,22.1%,,,,,,,,,,,,,,,,,,,,,147,20,13.6%,59,40.1%,52,35.4%,16,10.9%,68,46.3%,124,46,37.1%,65,52.4%,,,,,,,0.46699999999999997
24Q585,MASPETH HIGH SCHOOL,All Students,2017-18,1196,430,268,253,245,608,50.8%,588,49.2%,211,,16,0.013000000000000001,515,0.431,72,6.0%,382,31.9%,,,,,,,,,,,,,,,,,,,,,392,32,8.2%,100,25.5%,167,42.6%,93,23.7%,260,66.3%,306,62,20.3%,106,34.6%,95,31.0%,43,14.1%,138,45.1%,0.444
27Q650,"HIGH SCHOOL FOR CONSTRUCTION TRADES, ENGINEERING A",All Students,2017-18,1027,264,270,243,250,344,33.5%,683,66.5%,322,,102,0.099,351,0.342,124,12.1%,128,12.5%,,,,,,,,,,,,,,,,,,,,,247,24,9.7%,71,28.7%,101,40.9%,51,20.6%,152,61.5%,154,47,30.5%,57,37.0%,40,26.0%,10,6.5%,50,32.5%,0.44100000000000006
31R080,THE MICHAEL J. PETRIDES SCHOOL,All Students,2017-18,457,117,115,110,115,203,44.4%,254,55.6%,36,,112,0.245,88,0.193,39,8.5%,182,39.8%,,,,,,,,,,,,,,,,,,,,,103,11,10.7%,42,40.8%,33,32.0%,17,16.5%,50,48.5%,39,20,51.3%,16,41.0%,,,,,,,0.438
02M408,PROFESSIONAL PERFORMING ARTS HIGH SCHOOL,All Students,2017-18,443,94,124,99,126,333,75.2%,110,24.8%,30,,98,0.221,96,0.217,30,6.8%,189,42.7%,,,,,,,,,,,,,,,,,,,,,70,,,,,35,50.0%,16,22.9%,51,72.9%,49,8,16.3%,21,42.9%,13,26.5%,7,14.3%,20,40.8%,0.438
21K525,EDWARD R. MURROW HIGH SCHOOL,All Students,2017-18,3789,1113,1022,795,859,2207,58.2%,1581,41.7%,954,,863,0.228,790,0.20800000000000002,141,3.7%,1041,27.5%,,,,,,,,,,,,,,,,,,,,,802,132,16.5%,271,33.8%,277,34.5%,122,15.2%,399,49.8%,730,208,28.5%,272,37.3%,166,22.7%,84,11.5%,250,34.2%,0.43600000000000005
20K505,FRANKLIN DELANO ROOSEVELT HIGH SCHOOL,All Students,2017-18,3061,774,995,612,680,1293,42.2%,1768,57.8%,1175,,342,0.11199999999999999,991,0.324,20,0.7%,533,17.4%,,,,,,,,,,,,,,,,,,,,,500,107,21.4%,211,42.2%,154,30.8%,28,5.6%,182,36.4%,505,175,34.7%,207,41.0%,96,19.0%,27,5.3%,123,24.4%,0.436
02M394,EMMA LAZARUS HIGH SCHOOL,All Students,2017-18,296,173,29,94,,139,47.0%,157,53.0%,134,,30,0.10099999999999999,98,0.331,8,2.7%,26,8.8%,,,,,,,,,,,,,,,,,,,,,,,,,,,,,,,,,,,,,,,,,,,0.432
28Q440,FOREST HILLS HIGH SCHOOL,All Students,2017-18,3783,943,938,929,973,1966,52.0%,1814,48.0%,900,,307,0.081,1313,0.34700000000000003,141,3.7%,1122,29.7%,,,,,,,,,,,,,,,,,,,,,701,102,14.6%,219,31.2%,237,33.8%,143,20.4%,380,54.2%,504,149,29.6%,213,42.3%,101,20.0%,41,8.1%,142,28.2%,0.42800000000000005
26Q415,BENJAMIN N. CARDOZO HIGH SCHOOL,All Students,2017-18,3699,1010,940,950,799,1939,52.4%,1759,47.6%,1555,,814,0.22,751,0.203,77,2.1%,502,13.6%,,,,,,,,,,,,,,,,,,,,,794,94,11.8%,252,31.7%,295,37.2%,153,19.3%,448,56.4%,515,154,29.9%,182,35.3%,111,21.6%,68,13.2%,179,34.8%,0.42300000000000004
28Q620,THOMAS A. EDISON CAREER AND TECHNICAL EDUCATION HI,All Students,2017-18,2133,570,555,533,475,747,35.0%,1386,65.0%,1003,,406,0.19,498,0.233,132,6.2%,94,4.4%,,,,,,,,,,,,,,,,,,,,,512,40,7.8%,105,20.5%,244,47.7%,123,24.0%,367,71.7%,290,53,18.3%,107,36.9%,99,34.1%,31,10.7%,130,44.8%,0.42300000000000004
27Q323,SCHOLARS' ACADEMY,All Students,2017-18,683,188,190,157,148,390,57.1%,293,42.9%,,,139,0.204,149,0.218,,,281,41.1%,,,,,,,,,,,,,,,,,,,,,168,,,,,52,31.0%,93,55.4%,145,86.3%,18,7,38.9%,10,55.6%,,,,,,,0.422
02M376,NYC ISCHOOL,All Students,2017-18,457,124,105,116,112,251,54.9%,205,44.9%,39,,79,0.17300000000000001,110,0.24100000000000002,41,9.0%,188,41.1%,,,,,,,,,,,,,,,,,,,,,87,,,,,35,40.2%,41,47.1%,76,87.4%,48,,,16,33.3%,19,39.6%,,,,,0.41400000000000003
15K684,MILLENNIUM BROOKLYN HS,All Students,2017-18,672,180,169,158,165,363,54.0%,309,46.0%,70,,134,0.19899999999999998,141,0.21,54,8.0%,273,40.6%,,,,,,,,,,,,,,,,,,,,,132,,,,,47,35.6%,78,59.1%,125,94.7%,71,,,,,28,39.4%,23,32.4%,51,71.8%,0.409
28Q680,QUEENS GATEWAY TO HEALTH SCIENCES SECONDARY SCHOOL,All Students,2017-18,410,105,105,99,101,236,57.6%,173,42.2%,182,,118,0.28800000000000003,49,0.12,42,10.2%,19,4.6%,,,,,,,,,,,,,,,,,,,,,94,11,11.7%,9,9.6%,39,41.5%,35,37.2%,74,78.7%,68,14,20.6%,23,33.8%,21,30.9%,10,14.7%,31,45.6%,0.40800000000000003
25Q252,"QUEENS SCHOOL OF INQUIRY, THE",All Students,2017-18,329,91,91,77,70,168,51.1%,161,48.9%,123,,54,0.16399999999999998,78,0.237,9,2.7%,65,19.8%,,,,,,,,,,,,,,,,,,,,,83,15,18.1%,26,31.3%,21,25.3%,21,25.3%,42,50.6%,6,,,,,,,,,,,0.40099999999999997
01M515,LOWER EAST SIDE PREPARATORY HIGH SCHOOL,All Students,2017-18,557,,212,200,145,237,42.5%,320,57.5%,318,,58,0.10400000000000001,165,0.29600000000000004,6,1.1%,10,1.8%,,,,,,,,,,,,,,,,,,,,,,,,,,,,,,,,,,,,,,,,,,,0.4
22K405,MIDWOOD HIGH SCHOOL,All Students,2017-18,4058,1140,1109,993,816,2284,56.3%,1774,43.7%,1447,,1107,0.273,509,0.125,101,2.5%,894,22.0%,,,,,,,,,,,,,,,,,,,,,1014,90,8.9%,217,21.4%,340,33.5%,367,36.2%,707,69.7%,872,188,21.6%,220,25.2%,237,27.2%,227,26.0%,464,53.2%,0.398
02M413,SCHOOL OF THE FUTURE HIGH SCHOOL,All Students,2017-18,438,108,116,113,101,213,48.6%,225,51.4%,68,,49,0.11199999999999999,123,0.281,29,6.6%,169,38.6%,,,,,,,,,,,,,,,,,,,,,93,,,28,30.1%,44,47.3%,,,,,86,,,41,47.7%,32,37.2%,,,,,0.393
21K344,RACHEL CARSON HIGH SCHOOL FOR COASTAL STUDIES,All Students,2017-18,639,188,177,143,131,285,44.6%,354,55.4%,97,,110,0.172,139,0.218,10,1.6%,283,44.3%,,,,,,,,,,,,,,,,,,,,,100,23,23.0%,36,36.0%,29,29.0%,12,12.0%,41,41.0%,95,26,27.4%,51,53.7%,,,,,,,0.39
25Q285,WORLD JOURNALISM PREPARATORY: A COLLEGE BOARD SCHO,All Students,2017-18,320,98,77,75,70,199,62.2%,121,37.8%,41,,19,0.059000000000000004,104,0.325,6,1.9%,150,46.9%,,,,,,,,,,,,,,,,,,,,,82,,,24,29.3%,36,43.9%,,,,,76,22,28.9%,34,44.7%,,,,,,,0.384
31R440,NEW DORP HIGH SCHOOL,All Students,2017-18,3045,903,810,890,442,1477,48.5%,1567,51.5%,275,,319,0.105,843,0.27699999999999997,63,2.1%,1545,50.7%,,,,,,,,,,,,,,,,,,,,,621,109,17.6%,206,33.2%,206,33.2%,100,16.1%,306,49.3%,503,207,41.2%,206,41.0%,66,13.1%,24,4.8%,90,17.9%,0.38199999999999995
26Q495,BAYSIDE HIGH SCHOOL,All Students,2017-18,3024,1015,692,701,616,1440,47.6%,1584,52.4%,1295,,352,0.11599999999999999,801,0.265,48,1.6%,528,17.5%,,,,,,,,,,,,,,,,,,,,,658,105,16.0%,231,35.1%,237,36.0%,85,12.9%,322,48.9%,545,154,28.3%,225,41.3%,120,22.0%,46,8.4%,166,30.5%,0.381
31R460,SUSAN E. WAGNER HIGH SCHOOL,All Students,2017-18,3284,840,880,762,802,1651,50.3%,1633,49.7%,474,,364,0.111,883,0.26899999999999996,40,1.2%,1523,46.4%,,,,,,,,,,,,,,,,,,,,,663,84,12.7%,216,32.6%,215,32.4%,148,22.3%,363,54.8%,493,185,37.5%,196,39.8%,81,16.4%,31,6.3%,112,22.7%,0.37999999999999995
25Q241,QUEENS HIGH SCHOOL FOR LANGUAGE STUDIES,All Students,2017-18,427,112,116,98,101,240,56.2%,187,43.8%,251,,39,0.091,116,0.272,10,2.3%,11,2.6%,,,,,,,,,,,,,,,,,,,,,84,13,15.5%,35,41.7%,26,31.0%,10,11.9%,36,42.9%,79,14,17.7%,42,53.2%,17,21.5%,6,7.6%,23,29.1%,0.363
02M407,INSTITUTE FOR COLLABORATIVE EDUCATION,All Students,2017-18,285,69,70,70,76,123,43.2%,162,56.8%,18,,51,0.179,50,0.175,13,4.6%,153,53.7%,,,,,,,,,,,,,,,,,,,,,11,6,54.5%,,,,,,,,,10,,,,,,,,,,,0.354
20K490,FORT HAMILTON HIGH SCHOOL,All Students,2017-18,4582,1341,1283,972,986,2190,47.8%,2391,52.2%,1242,,174,0.038,1430,0.312,91,2.0%,1645,35.9%,,,,,,,,,,,,,,,,,,,,,1014,142,14.0%,341,33.6%,373,36.8%,158,15.6%,531,52.4%,996,236,23.7%,387,38.9%,264,26.5%,109,10.9%,373,37.4%,0.35
22K425,JAMES MADISON HIGH SCHOOL,All Students,2017-18,3657,1156,1000,760,741,1563,42.7%,2094,57.3%,723,,619,0.16899999999999998,638,0.174,44,1.2%,1633,44.7%,,,,,,,,,,,,,,,,,,,,,866,134,15.5%,276,31.9%,325,37.5%,131,15.1%,456,52.7%,824,214,26.0%,329,39.9%,197,23.9%,84,10.2%,281,34.1%,0.34299999999999997
25Q281,EAST-WEST SCHOOL OF INTERNATIONAL STUDIES,All Students,2017-18,349,90,98,75,86,158,45.3%,191,54.7%,210,,48,0.138,68,0.195,,,,,,,,,,,,,,,,,,,,,,,,,83,11,13.3%,29,34.9%,28,33.7%,15,18.1%,43,51.8%,52,,,18,34.6%,21,40.4%,,,,,0.333
20K445,NEW UTRECHT HIGH SCHOOL,All Students,2017-18,3563,1072,897,763,831,1537,43.1%,2026,56.9%,1432,,113,0.032,1062,0.298,47,1.3%,909,25.5%,,,,,,,,,,,,,,,,,,,,,699,156,22.3%,274,39.2%,214,30.6%,55,7.9%,269,38.5%,697,184,26.4%,280,40.2%,168,24.1%,65,9.3%,233,33.4%,0.32999999999999996
03M479,BEACON HIGH SCHOOL,All Students,2017-18,1380,390,359,312,319,868,62.9%,510,37.0%,121,,186,0.135,262,0.19,116,8.4%,695,50.4%,,,,,,,,,,,,,,,,,,,,,293,,,,,109,37.2%,174,59.4%,283,96.6%,143,,,,,59,41.3%,43,30.1%,102,71.3%,0.325
03M859,SPECIAL MUSIC SCHOOL,All Students,2017-18,179,40,53,41,45,92,51.4%,87,48.6%,23,,25,0.14,33,0.184,30,16.8%,68,38.0%,,,,,,,,,,,,,,,,,,,,,29,,,,,9,31.0%,14,48.3%,23,79.3%,12,,,6,50.0%,,,,,,,0.324
01M539,"NEW EXPLORATIONS INTO SCIENCE, TECHNOLOGY AND MATH",All Students,2017-18,582,145,163,146,128,263,45.2%,319,54.8%,168,,76,0.131,109,0.187,27,4.6%,202,34.7%,,,,,,,,,,,,,,,,,,,,,119,9,7.6%,15,12.6%,47,39.5%,48,40.3%,95,79.8%,62,13,21.0%,14,22.6%,20,32.3%,15,24.2%,35,56.5%,0.318
21K690,BROOKLYN STUDIO SECONDARY SCHOOL,All Students,2017-18,634,196,188,120,130,316,49.8%,318,50.2%,129,,23,0.036000000000000004,177,0.27899999999999997,10,1.6%,295,46.5%,,,,,,,,,,,,,,,,,,,,,119,23,19.3%,41,34.5%,37,31.1%,18,15.1%,55,46.2%,111,35,31.5%,57,51.4%,,,,,,,0.31499999999999995
01M696,BARD HIGH SCHOOL EARLY COLLEGE,All Students,2017-18,588,168,136,152,132,371,63.1%,217,36.9%,167,,80,0.136,100,0.17,11,1.9%,230,39.1%,,,,,,,,,,,,,,,,,,,,,127,,,,,41,32.3%,74,58.3%,115,90.6%,77,,,,,28,36.4%,37,48.1%,65,84.4%,0.30600000000000005
31R064,GAYNOR MCCOWN EXPEDITIONARY LEARNING SCHOOL,All Students,2017-18,439,126,109,94,110,240,54.7%,197,44.9%,12,,34,0.077,97,0.221,10,2.3%,286,65.1%,,,,,,,,,,,,,,,,,,,,,106,20,18.9%,24,22.6%,51,48.1%,11,10.4%,62,58.5%,92,22,23.9%,53,57.6%,,,,,,,0.298
24Q299,BARD HIGH SCHOOL EARLY COLLEGE QUEENS,All Students,2017-18,623,173,159,139,152,392,62.9%,231,37.1%,211,,67,0.10800000000000001,117,0.188,16,2.6%,212,34.0%,,,,,,,,,,,,,,,,,,,,,139,,,,,42,30.2%,94,67.6%,136,97.8%,70,,,,,22,31.4%,43,61.4%,65,92.9%,0.29600000000000004
31R047,CSI HIGH SCHOOL FOR INTERNATIONAL STUDIES,All Students,2017-18,495,135,127,100,133,306,61.8%,187,37.8%,71,,39,0.079,97,0.196,10,2.0%,278,56.2%,,,,,,,,,,,,,,,,,,,,,109,8,7.3%,39,35.8%,32,29.4%,30,27.5%,62,56.9%,98,20,20.4%,39,39.8%,31,31.6%,8,8.2%,39,39.8%,0.275
03M485,FIORELLO H. LAGUARDIA HIGH SCHOOL OF MUSIC & ART A,All Students,2017-18,2809,807,669,724,609,2126,75.7%,679,24.2%,559,,281,0.1,485,0.17300000000000001,223,7.9%,1261,44.9%,,,,,,,,,,,,,,,,,,,,,630,,,,,246,39.0%,341,54.1%,587,93.2%,397,11,2.8%,96,24.2%,176,44.3%,114,28.7%,290,73.0%,0.273
26Q430,FRANCIS LEWIS HIGH SCHOOL,All Students,2017-18,4557,1202,1165,1106,1084,2249,49.4%,2307,50.6%,2575,,279,0.061,953,0.209,32,0.7%,718,15.8%,,,,,,,,,,,,,,,,,,,,,969,122,12.6%,260,26.8%,345,35.6%,242,25.0%,587,60.6%,785,162,20.6%,257,32.7%,214,27.3%,152,19.4%,366,46.6%,0.27
05M692,"HIGH SCHOOL FOR MATHEMATICS, SCIENCE AND ENGINEERI",All Students,2017-18,500,149,133,109,109,172,34.4%,327,65.4%,181,,48,0.096,78,0.156,57,11.4%,136,27.2%,,,,,,,,,,,,,,,,,,,,,126,,,,,43,34.1%,78,61.9%,121,96.0%,49,,,,,12,24.5%,35,71.4%,47,95.9%,0.252
30Q580,BACCALAUREATE SCHOOL FOR GLOBAL EDUCATION,All Students,2017-18,358,141,86,55,76,207,57.8%,151,42.2%,157,,18,0.05,69,0.193,12,3.4%,102,28.5%,,,,,,,,,,,,,,,,,,,,,129,,,,,39,30.2%,79,61.2%,118,91.5%,44,8,18.2%,,,,,26,59.1%,,,0.243
14K449,"BROOKLYN LATIN SCHOOL, THE",All Students,2017-18,678,161,165,157,195,306,45.1%,372,54.9%,349,,87,0.128,75,0.111,73,10.8%,94,13.9%,,,,,,,,,,,,,,,,,,,,,148,,,,,64,43.2%,81,54.7%,145,98.0%,104,,,,,36,34.6%,59,56.7%,95,91.3%,0.239
02M260,M.S. 260 CLINTON SCHOOL WRITERS & ARTISTS,All Students,2017-18,311,122,106,83,,216,69.5%,95,30.5%,36,,19,0.061,43,0.138,17,5.5%,196,63.0%,,,,,,,,,,,,,,,,,,,,,98,,,,,42,42.9%,41,41.8%,83,84.7%,63,9,14.3%,30,47.6%,17,27.0%,7,11.1%,24,38.1%,0.199
02M418,MILLENNIUM HIGH SCHOOL,All Students,2017-18,666,174,178,141,173,416,62.5%,250,37.5%,300,,36,0.054000000000000006,88,0.132,33,5.0%,209,31.4%,,,,,,,,,,,,,,,,,,,,,156,,,,,61,39.1%,87,55.8%,148,94.9%,95,,,,,41,43.2%,30,31.6%,71,74.7%,0.186
02M411,BARUCH COLLEGE CAMPUS HIGH SCHOOL,All Students,2017-18,460,124,110,110,116,269,58.5%,191,41.5%,180,,21,0.046,61,0.133,19,4.1%,179,38.9%,,,,,,,,,,,,,,,,,,,,,113,,,,,41,36.3%,51,45.1%,92,81.4%,76,9,11.8%,11,14.5%,30,39.5%,26,34.2%,56,73.7%,0.179
02M412,N.Y.C. LAB SCHOOL FOR COLLABORATIVE STUDIES,All Students,2017-18,498,124,129,118,127,256,51.4%,242,48.6%,98,,22,0.044000000000000004,66,0.133,36,7.2%,276,55.4%,,,,,,,,,,,,,,,,,,,,,99,,,,,47,47.5%,40,40.4%,87,87.9%,56,,,,,18,32.1%,22,39.3%,40,71.4%,0.17700000000000002
22K535,LEON M. GOLDSTEIN HIGH SCHOOL FOR THE SCIENCES,All Students,2017-18,1011,234,269,237,271,544,53.8%,466,46.1%,242,,82,0.081,97,0.096,13,1.3%,577,57.1%,,,,,,,,,,,,,,,,,,,,,204,10,4.9%,21,10.3%,48,23.5%,125,61.3%,173,84.8%,177,17,9.6%,17,9.6%,35,19.8%,108,61.0%,143,80.8%,0.177
25Q525,TOWNSEND HARRIS HIGH SCHOOL,All Students,2017-18,1141,268,296,288,289,801,70.2%,340,29.8%,662,,59,0.052000000000000005,123,0.10800000000000001,66,5.8%,231,20.2%,,,,,,,,,,,,,,,,,,,,,234,,,,,23,9.8%,205,87.6%,228,97.4%,80,,,,,10,12.5%,63,78.8%,73,91.3%,0.16000000000000003
02M416,ELEANOR ROOSEVELT HIGH SCHOOL,All Students,2017-18,541,133,136,130,142,327,60.4%,214,39.6%,91,,18,0.033,66,0.122,19,3.5%,347,64.1%,,,,,,,,,,,,,,,,,,,,,116,,,,,35,30.2%,74,63.8%,109,94.0%,68,,,,,15,22.1%,44,64.7%,59,86.8%,0.155
10X696,HIGH SCHOOL OF AMERICAN STUDIES AT LEHMAN COLLEGE,All Students,2017-18,400,96,112,101,91,199,49.8%,199,49.8%,88,,14,0.035,46,0.115,18,4.5%,234,58.5%,,,,,,,,,,,,,,,,,,,,,71,,,,,17,23.9%,53,74.6%,70,98.6%,22,,,,,8,36.4%,14,63.6%,22,100.0%,0.15000000000000002
31R455,TOTTENVILLE HIGH SCHOOL,All Students,2017-18,3808,948,987,920,953,1909,50.1%,1898,49.8%,213,,60,0.016,453,0.11900000000000001,62,1.6%,3020,79.3%,,,,,,,,,,,,,,,,,,,,,784,96,12.2%,255,32.5%,261,33.3%,172,21.9%,433,55.2%,706,150,21.2%,281,39.8%,185,26.2%,90,12.7%,275,39.0%,0.135
13K430,BROOKLYN TECHNICAL HIGH SCHOOL,All Students,2017-18,5838,1521,1556,1450,1311,2360,40.4%,3478,59.6%,3576,,375,0.064,416,0.071,110,1.9%,1361,23.3%,,,,,,,,,,,,,,,,,,,,,1380,,,,,417,30.2%,931,67.5%,1348,97.7%,880,,,,,203,23.1%,664,75.5%,867,98.5%,0.135
10X445,THE BRONX HIGH SCHOOL OF SCIENCE,All Students,2017-18,2995,763,767,748,717,1229,41.0%,1766,59.0%,1965,,76,0.025,186,0.062,70,2.3%,698,23.3%,,,,,,,,,,,,,,,,,,,,,694,,,,,184,26.5%,500,72.0%,684,98.6%,292,,,,,51,17.5%,236,80.8%,287,98.3%,0.087
28Q687,QUEENS HIGH SCHOOL FOR THE SCIENCES AT YORK COLLEG,All Students,2017-18,473,132,117,113,111,209,44.2%,264,55.8%,383,,20,0.042,20,0.042,22,4.7%,28,5.9%,,,,,,,,,,,,,,,,,,,,,120,,,,,24,20.0%,94,78.3%,118,98.3%,57,,,,,9,15.8%,48,84.2%,57,100.0%,0.084
02M545,HIGH SCHOOL FOR DUAL LANGUAGE AND ASIAN STUDIES,All Students,2017-18,396,107,103,87,99,243,61.4%,153,38.6%,341,,14,0.035,18,0.045,12,3.0%,11,2.8%,,,,,,,,,,,,,,,,,,,,,85,17,20.0%,18,21.2%,33,38.8%,17,20.0%,50,58.8%,74,,,,,32,43.2%,24,32.4%,56,75.7%,0.08
31R605,STATEN ISLAND TECHNICAL HIGH SCHOOL,All Students,2017-18,1320,336,346,324,314,590,44.7%,730,55.3%,639,,10,0.008,36,0.027000000000000003,43,3.3%,592,44.8%,,,,,,,,,,,,,,,,,,,,,293,,,,,80,27.3%,208,71.0%,288,98.3%,215,,,,,35,16.3%,179,83.3%,214,99.5%,0.035
02M475,STUYVESANT HIGH SCHOOL,All Students,2017-18,3336,823,857,828,828,1428,42.8%,1906,57.1%,2451,,24,0.006999999999999999,92,0.027999999999999997,174,5.2%,595,17.8%,,,,,,,,,,,,,,,,,,,,,735,,,,,111,15.1%,622,84.6%,733,99.7%,338,,,,,19,5.6%,318,94.1%,337,99.7%,0.034999999999999996
